Date,Time,Latitude,Longitude,Altitude,Speed,Course,Type,Distance,Essential
8/15/2013,20:01:59,21.573956,-158.276489,99.2,0,0,-2,0,1
8/15/2013,20:05:33,21.574306,-158.276245,-4.37,9144,146,0,46.38,1
8/15/2013,20:09:26,21.57412,-158.276413,38.35,1584,291,0,27.01,1
8/15/2013,20:12:32,21.57435,-158.276184,-6.62,0,60,0,34.85,1
8/15/2013,20:15:38,21.574368,-158.276016,-24.37,0,333,0,17.49,1
8/15/2013,20:18:43,21.574055,-158.276459,-50.77,0,80,0,57.53,1
8/15/2013,20:21:49,21.573895,-158.276169,51.09,1908,113,0,34.87,1
8/15/2013,20:24:54,21.573759,-158.276215,70.44,0,228,0,15.85,1
8/15/2013,20:27:59,21.573652,-158.276169,74.94,0,279,0,12.81,1
8/15/2013,20:31:05,21.573187,-158.276642,154.86,0,280,0,71.17,1
8/15/2013,20:34:14,21.574007,-158.276047,37.99,1080,191,0,110,1
8/15/2013,20:37:23,21.574064,-158.276306,37.83,216,92,0,27.52,1
8/15/2013,20:40:32,21.574043,-158.27623,50.67,252,278,0,8.2,1
8/15/2013,20:43:37,21.573278,-158.276505,124.9,0,7,0,89.69,1
8/15/2013,20:46:46,21.573944,-158.276306,57.06,3276,179,0,76.86,1
8/15/2013,20:49:53,21.574112,-158.276352,50.34,1980,169,0,19.28,1
8/15/2013,20:53:00,21.574219,-158.276199,21.65,3492,154,0,19.8,1
8/15/2013,20:56:08,21.574158,-158.276398,35.78,1260,178,0,21.67,1
8/15/2013,20:59:17,21.574154,-158.276337,34.06,36,288,0,6.32,1
8/15/2013,21:02:29,21.574076,-158.27623,47.57,540,167,0,14.06,1
8/15/2013,21:05:39,21.574186,-158.276352,39.56,0,43,0,17.57,1
8/15/2013,21:08:56,21.573997,-158.27623,43.34,0,7,0,24.51,1
8/15/2013,21:12:05,21.574192,-158.276245,31.81,2304,56,0,21.74,1
8/15/2013,21:15:16,21.574146,-158.276276,57.28,0,323,0,6.04,1
8/15/2013,21:18:38,21.574223,-158.276688,29.7,0,144,0,43.45,1
8/15/2013,21:21:49,21.574137,-158.276764,-22.56,0,10,0,12.38,1
8/15/2013,21:25:00,21.57415,-158.276749,-14.98,0,33,0,2.12,1
8/15/2013,21:28:12,21.574249,-158.276413,40.99,0,14,0,36.45,1
8/15/2013,21:31:39,21.574102,-158.276535,36.61,0,217,0,20.65,1
8/15/2013,21:35:10,21.574163,-158.276779,-1.05,0,180,0,26.13,1
8/15/2013,21:38:53,21.574371,-158.277283,-68.35,3528,270,0,57.02,1
8/15/2013,21:42:04,21.574289,-158.276901,-10.57,5976,105,0,40.54,1
8/15/2013,21:45:14,21.57419,-158.276855,5.39,1008,183,0,11.99,1
8/15/2013,21:48:24,21.574234,-158.276978,13.23,5004,285,0,13.63,1
8/15/2013,21:51:39,21.574125,-158.276428,30.82,0,161,0,58.15,1
8/15/2013,21:54:52,21.57416,-158.276642,8.72,0,122,0,22.47,1
8/15/2013,21:58:05,21.574171,-158.276718,20.5,4824,303,0,7.95,1
8/15/2013,22:01:21,21.57423,-158.276627,115.7,8784,285,0,11.47,1
8/15/2013,22:04:57,21.57338,-158.277481,155.11,4536,74,0,129.35,1
8/15/2013,22:09:05,21.573952,-158.276749,46.2,684,81,0,98.87,1
8/15/2013,22:12:05,21.574064,-158.276459,30.54,0,247,0,32.47,1
8/15/2013,22:15:08,21.574142,-158.27655,15,2556,105,0,12.8,1
8/15/2013,22:18:11,21.574022,-158.276199,52.95,3024,102,0,38.67,1
8/15/2013,22:21:13,21.574097,-158.276474,23.99,432,252,0,29.63,1
8/15/2013,22:24:15,21.574167,-158.27681,5.36,1152,73,0,35.61,1
8/15/2013,22:27:18,21.574089,-158.276443,32.18,540,63,0,38.93,1
8/15/2013,22:30:21,21.574158,-158.27684,13.43,1548,247,0,41.76,1
8/15/2013,22:33:24,21.574167,-158.276535,22.31,2628,105,0,31.55,1
8/15/2013,22:36:26,21.574095,-158.276489,29.86,3096,76,0,9.31,1
8/15/2013,22:39:28,21.573978,-158.276993,44.77,936,85,0,53.72,1
8/15/2013,22:42:32,21.57408,-158.276123,47.22,2988,257,0,90.67,1
8/15/2013,22:46:03,21.574051,-158.276321,33.28,288,109,0,20.73,1
8/15/2013,22:49:01,21.573828,-158.27597,154.61,576,307,0,43.96,1
8/15/2013,22:52:02,21.574123,-158.276337,15.27,936,279,0,50.16,1
8/15/2013,22:55:01,21.574152,-158.276413,27.17,0,127,0,8.49,1
8/15/2013,22:58:00,21.5746,-158.276535,-153.31,0,171,0,51.39,1
8/15/2013,23:01:03,21.574011,-158.276352,47.2,396,286,0,68.17,1
8/15/2013,23:04:07,21.574089,-158.276398,38.5,216,123,0,9.89,1
8/15/2013,23:07:14,21.57386,-158.276505,33.49,648,126,0,27.76,1
8/15/2013,23:10:21,21.573915,-158.276581,39.19,0,346,0,9.96,1
8/15/2013,23:13:27,21.573534,-158.275925,-6.23,0,332,0,79.98,1
8/15/2013,23:16:35,21.573881,-158.276413,47.13,1188,124,0,63.52,1
8/15/2013,23:19:46,21.573891,-158.276489,25.56,1404,137,0,7.94,1
8/15/2013,23:22:52,21.573885,-158.276489,7.85,3024,341,0,0.67,1
8/15/2013,23:26:01,21.57382,-158.276459,26.78,1476,102,0,7.87,1
8/15/2013,23:29:09,21.57386,-158.276474,23.26,0,338,0,4.71,1
8/15/2013,23:32:17,21.573782,-158.276398,27.71,0,149,0,11.7,1
8/15/2013,23:35:24,21.573542,-158.27623,-38.41,0,2,0,31.84,1
8/15/2013,23:38:31,21.573498,-158.276459,-104.8,1224,163,0,24.18,1
8/15/2013,23:41:39,21.573717,-158.276459,-19.96,0,130,0,24.35,1
8/15/2013,23:44:46,21.574013,-158.276413,28.6,1836,132,0,33.26,1
8/15/2013,23:47:54,21.57403,-158.276382,105.9,2232,231,0,3.72,1
8/15/2013,23:51:03,21.573776,-158.276367,-1.18,0,111,0,28.29,1
8/15/2013,23:54:13,21.57387,-158.276413,44.12,1008,337,0,11.48,1
8/15/2013,23:57:22,21.573698,-158.276505,-14.9,3312,192,-4,21.36,1
8/16/2013,0:00:33,21.573814,-158.276276,63.66,2880,239,-2,0,1
8/16/2013,0:03:42,21.57394,-158.276505,22.76,648,341,0,27.51,1
8/16/2013,0:06:51,21.574179,-158.276291,144.81,0,192,0,34.58,
8/16/2013,0:10:04,21.573805,-158.276428,19.64,576,261,0,43.93,
8/16/2013,0:13:17,21.573833,-158.276474,19.33,756,99,0,5.68,1
8/16/2013,0:16:26,21.574295,-158.276093,238.77,0,112,0,64.74,1
8/16/2013,0:19:36,21.573956,-158.276337,92.67,0,89,0,45.36,
8/16/2013,0:22:44,21.573606,-158.276627,-107.31,0,299,0,49.13,
8/16/2013,0:25:54,21.573687,-158.276764,-78.95,0,78,0,16.79,
8/16/2013,0:29:04,21.573771,-158.276581,-14.01,0,84,0,21.1,
8/16/2013,0:32:12,21.573921,-158.276367,59.08,0,155,0,27.71,
8/16/2013,0:35:24,21.573841,-158.276489,15.76,0,256,0,15.44,
8/16/2013,0:38:33,21.573858,-158.276276,79.05,0,70,0,22.11,
8/16/2013,0:41:46,21.573854,-158.276459,24.64,2448,281,0,18.93,1
8/16/2013,0:44:57,21.573837,-158.276505,19.07,0,202,0,5.12,1
8/16/2013,0:48:11,21.573833,-158.276443,34.41,828,252,0,6.43,
8/16/2013,0:51:25,21.573833,-158.276474,22.68,0,190,0,3.21,
8/16/2013,0:54:37,21.573847,-158.276535,17.71,1620,176,0,6.5,
8/16/2013,0:57:50,21.573822,-158.276489,36.79,1152,92,0,5.51,
8/16/2013,1:01:01,21.573864,-158.27655,1.77,1512,92,0,7.85,
8/16/2013,1:03:59,21.573919,-158.276566,-9.46,1080,141,0,6.34,
8/16/2013,1:06:59,21.57383,-158.27655,20.76,540,225,0,10.03,
8/16/2013,1:09:57,21.573866,-158.27652,9.85,1692,327,0,5.06,
8/16/2013,1:12:55,21.573883,-158.276611,1.4,1620,319,0,9.6,
8/16/2013,1:15:54,21.573822,-158.276474,51.64,612,5,0,15.71,
8/16/2013,1:18:51,21.573889,-158.276566,-6.11,1044,109,0,12.08,
8/16/2013,1:21:45,21.57382,-158.276535,38.85,432,272,0,8.32,
8/16/2013,1:24:39,21.57386,-158.276505,13.45,684,144,0,5.42,
8/16/2013,1:27:32,21.573824,-158.276459,40.59,360,182,0,6.22,
8/16/2013,1:30:24,21.573818,-158.27652,34.43,144,302,0,6.34,
8/16/2013,1:33:16,21.57387,-158.276581,-14.59,72,175,0,8.56,
8/16/2013,1:36:08,21.573847,-158.276428,33.04,108,31,0,16.03,
8/16/2013,1:39:00,21.573849,-158.276459,24.61,72,162,0,3.21,
8/16/2013,1:41:52,21.573866,-158.276459,19.36,108,38,0,1.89,
8/16/2013,1:44:45,21.573858,-158.276443,20.36,0,172,0,1.88,
8/16/2013,1:47:38,21.573862,-158.276459,23.76,0,314,0,1.71,
8/16/2013,1:50:31,21.573837,-158.276428,33.56,0,172,0,4.24,
8/16/2013,1:53:24,21.573843,-158.276443,27.43,0,190,0,1.69,
8/16/2013,1:56:16,21.573898,-158.276245,-7.93,0,190,0,21.37,
8/16/2013,1:59:08,21.573851,-158.276459,28.17,0,133,0,22.74,
8/16/2013,2:02:35,21.573856,-158.276474,26.71,36,204,0,1.65,
8/16/2013,2:05:34,21.573854,-158.276428,28.89,72,50,0,4.76,
8/16/2013,2:08:33,21.573902,-158.276443,23.68,576,15,0,5.56,
8/16/2013,2:11:32,21.57387,-158.276413,22.64,252,72,0,4.72,
8/16/2013,2:14:31,21.573858,-158.276459,17.14,396,39,0,4.94,
8/16/2013,2:17:30,21.573864,-158.276382,60.02,396,27,0,7.99,
8/16/2013,2:20:29,21.573914,-158.276443,42.43,324,80,0,8.41,
8/16/2013,2:23:27,21.573811,-158.276413,38.87,36,159,0,11.87,
8/16/2013,2:26:27,21.573864,-158.276489,25.56,144,157,0,9.82,
8/16/2013,2:29:25,21.573833,-158.276352,36.17,1332,293,0,14.58,
8/16/2013,2:32:23,21.573797,-158.276367,30.96,540,333,0,4.29,
8/16/2013,2:35:22,21.573805,-158.276489,21.67,756,100,0,12.65,
8/16/2013,2:38:22,21.573864,-158.276489,19.98,144,321,0,6.56,
8/16/2013,2:41:22,21.573864,-158.276459,15.18,216,196,0,3.1,
8/16/2013,2:44:23,21.573833,-158.276459,20.55,0,187,0,3.45,
8/16/2013,2:47:22,21.573851,-158.276443,30.48,144,45,0,2.6,
8/16/2013,2:50:20,21.573851,-158.276505,-8.22,360,137,0,6.41,
8/16/2013,2:53:19,21.573835,-158.276413,27.76,360,289,0,9.68,
8/16/2013,2:56:19,21.573875,-158.276474,15.22,216,178,0,7.72,
8/16/2013,2:59:18,21.573853,-158.276413,31.29,720,328,0,6.77,
8/16/2013,3:02:21,21.573807,-158.276443,29.91,216,170,0,5.98,
8/16/2013,3:05:25,21.573833,-158.276489,19.3,288,23,0,5.57,
8/16/2013,3:08:29,21.573812,-158.276505,34.54,324,52,0,2.86,
8/16/2013,3:11:33,21.573847,-158.276459,33.45,396,206,0,6.15,
8/16/2013,3:14:38,21.573856,-158.276459,26.6,288,150,0,1,
8/16/2013,3:17:44,21.57387,-158.276474,36.69,2412,112,0,2.2,
8/16/2013,3:20:53,21.573847,-158.276367,48.89,180,50,0,11.36,
8/16/2013,3:23:58,21.573826,-158.276367,36.64,0,37,0,2.34,
8/16/2013,3:27:08,21.57387,-158.276474,23.5,792,101,0,12.1,
8/16/2013,3:30:14,21.573727,-158.276413,12.69,0,196,0,17.11,
8/16/2013,3:33:25,21.573853,-158.276428,26.95,756,108,0,14.1,
8/16/2013,3:36:32,21.573767,-158.276291,-9.04,0,316,0,17.09,
8/16/2013,3:39:40,21.573837,-158.276443,26.32,0,152,0,17.54,
8/16/2013,3:42:51,21.573807,-158.276352,47.53,252,202,0,9.98,
8/16/2013,3:46:02,21.573858,-158.276474,21.43,0,267,0,13.83,
8/16/2013,3:49:14,21.573807,-158.276398,37.28,0,145,0,9.69,
8/16/2013,3:52:21,21.573971,-158.276596,-2.57,0,328,0,27.42,
8/16/2013,3:55:33,21.573879,-158.276413,30.41,1296,298,0,21.51,
8/16/2013,3:58:45,21.573977,-158.276566,8.93,972,301,0,19.21,
8/16/2013,4:01:51,21.573862,-158.276413,22.62,2340,150,0,20.34,
8/16/2013,4:04:48,21.573763,-158.276337,47.12,2484,113,0,13.53,
8/16/2013,4:07:46,21.573853,-158.276413,33.13,972,335,0,12.72,
8/16/2013,4:10:44,21.573929,-158.27655,12.61,1440,109,0,16.5,
8/16/2013,4:13:41,21.573759,-158.276321,42.42,720,113,0,30.3,
8/16/2013,4:16:40,21.573833,-158.276413,30.57,360,174,0,12.58,
8/16/2013,4:19:39,21.573839,-158.276443,23.01,936,175,0,3.17,
8/16/2013,4:22:34,21.573973,-158.276291,81.91,684,52,0,21.66,
8/16/2013,4:25:28,21.573854,-158.276474,20.35,540,324,0,23.09,
8/16/2013,4:28:21,21.573891,-158.27652,12.85,1692,143,0,6.29,
8/16/2013,4:31:14,21.573845,-158.276474,23.85,72,258,0,6.98,
8/16/2013,4:34:07,21.573856,-158.276474,16.82,36,308,0,1.22,
8/16/2013,4:36:59,21.573868,-158.276474,15.89,4644,213,0,1.33,
8/16/2013,4:39:51,21.573904,-158.27652,11.43,1188,155,0,6.22,
8/16/2013,4:42:43,21.573872,-158.276382,50.95,360,285,0,14.71,
8/16/2013,4:45:35,21.573843,-158.276474,21.83,504,290,0,10.04,
8/16/2013,4:48:27,21.573839,-158.276474,23.52,432,309,0,0.44,
8/16/2013,4:51:18,21.573854,-158.276489,21.73,36,161,0,2.28,
8/16/2013,4:54:10,21.57383,-158.276505,25.24,0,131,0,3.14,
8/16/2013,4:57:01,21.573818,-158.276443,23.97,0,218,0,6.55,
8/16/2013,4:59:59,21.57382,-158.276459,25.72,144,130,0,1.67,
8/16/2013,5:03:07,21.573818,-158.276489,14.57,0,292,0,3.11,
8/16/2013,5:06:13,21.57383,-158.276459,21.16,0,259,0,3.38,
8/16/2013,5:09:17,21.573816,-158.276443,25.55,612,135,0,2.27,
8/16/2013,5:12:21,21.573856,-158.276398,47.42,720,216,0,6.44,
8/16/2013,5:15:26,21.573809,-158.276443,25.72,36,301,0,7,
8/16/2013,5:18:31,21.573851,-158.276474,20.48,396,325,0,5.66,
8/16/2013,5:21:39,21.573853,-158.276505,26.29,0,51,0,3.21,
8/16/2013,5:24:49,21.573841,-158.276489,20.56,540,150,0,2.13,
8/16/2013,5:28:02,21.573835,-158.276459,17.91,0,256,0,3.17,
8/16/2013,5:31:13,21.573872,-158.276596,20.53,1872,125,0,14.75,
8/16/2013,5:34:27,21.573801,-158.276535,-14.97,0,102,0,10.11,
8/16/2013,5:37:39,21.573856,-158.276627,3.09,0,123,0,11.31,
8/16/2013,5:40:50,21.573845,-158.276398,25.87,2484,270,0,23.71,
8/16/2013,5:44:01,21.573841,-158.276642,-9.19,468,93,0,25.23,
8/16/2013,5:47:14,21.573856,-158.276581,11.19,0,319,0,6.52,
8/16/2013,5:50:29,21.573824,-158.276154,51.87,0,107,0,44.3,
8/16/2013,5:53:42,21.573822,-158.276321,36.3,2736,96,0,17.27,
8/16/2013,5:56:56,21.573864,-158.27652,15.33,0,100,0,21.1,
8/16/2013,6:04:16,21.573864,-158.27652,15.33,0,100,0,0,
8/16/2013,6:18:34,21.573835,-158.276459,16.66,180,265,0,7.08,
8/16/2013,6:33:40,21.573843,-158.27652,3.48,216,275,0,6.37,
8/16/2013,6:36:53,21.57386,-158.27652,12.21,144,284,0,1.89,
8/16/2013,6:40:05,21.573839,-158.276474,5.81,2376,119,0,5.3,
8/16/2013,6:43:18,21.573845,-158.27652,-2.43,72,295,0,4.8,
8/16/2013,6:46:26,21.573706,-158.276428,26.59,1728,89,0,18.15,
8/16/2013,6:49:39,21.573828,-158.276413,11.33,144,291,0,13.65,
8/16/2013,6:52:50,21.573845,-158.276535,-2.66,900,326,0,12.76,
8/16/2013,6:56:02,21.573822,-158.276505,-2.04,972,335,0,4.02,
8/16/2013,6:59:14,21.573761,-158.276428,34.57,1224,124,0,10.46,
8/16/2013,7:02:27,21.573797,-158.276443,-8.29,1764,133,0,4.29,
8/16/2013,7:05:34,21.57383,-158.276489,3.41,1548,79,0,6.01,
8/16/2013,7:08:41,21.573797,-158.276474,-39.63,144,317,0,3.98,
8/16/2013,7:11:48,21.573812,-158.276505,-30.23,2088,325,0,3.61,
8/16/2013,7:14:55,21.573824,-158.276459,-9.98,936,92,0,4.94,
8/16/2013,7:18:02,21.573769,-158.276428,10.85,576,89,0,6.9,
8/16/2013,7:21:09,21.573771,-158.276459,-4.22,216,81,0,3.21,
8/16/2013,7:24:20,21.57379,-158.276489,-3.71,0,117,0,3.75,
8/16/2013,7:27:30,21.573721,-158.276352,-12.77,0,118,0,16.11,
8/16/2013,7:30:39,21.573708,-158.276367,-43.05,0,116,0,2.12,
8/16/2013,7:33:47,21.573828,-158.276443,24.12,1080,120,0,15.49,
8/16/2013,7:36:56,21.57378,-158.276367,7.53,396,102,0,9.5,
8/16/2013,7:40:07,21.573755,-158.276352,-24.44,0,254,0,3.18,
8/16/2013,7:43:16,21.573784,-158.276398,-2.67,0,141,0,5.75,
8/16/2013,7:46:29,21.573845,-158.276489,37.84,0,282,0,11.6,
8/16/2013,7:49:40,21.573748,-158.276367,-11.36,0,131,0,16.6,
8/16/2013,7:53:04,21.573835,-158.276474,35.23,1188,285,0,14.7,
8/16/2013,7:56:13,21.573767,-158.276413,26.52,0,297,0,9.85,
8/16/2013,7:59:21,21.573824,-158.276443,16.63,0,352,0,7.06,
8/16/2013,8:02:29,21.573872,-158.276505,19.13,0,243,0,8.34,
8/16/2013,8:05:28,21.573853,-158.276459,22.29,0,115,0,5.2,
8/16/2013,8:08:26,21.573875,-158.27655,17.61,0,51,0,9.72,
8/16/2013,8:11:24,21.573818,-158.276413,16.95,0,148,0,15.52,
8/16/2013,8:14:23,21.5739,-158.27655,29.79,0,320,0,16.85,
8/16/2013,8:17:21,21.573877,-158.276459,20.16,0,281,0,9.75,
8/16/2013,8:20:23,21.573805,-158.276489,34.74,1368,299,0,8.59,
8/16/2013,8:23:21,21.573771,-158.276398,27.23,0,311,0,10.14,
8/16/2013,8:26:22,21.573843,-158.276413,29.21,6480,139,0,8.15,
8/16/2013,8:29:23,21.573774,-158.276367,32.95,0,1,0,9.03,
8/16/2013,8:32:24,21.573879,-158.27652,13.36,3924,315,0,19.66,
8/16/2013,8:35:25,21.573938,-158.27652,19.83,4788,291,0,6.56,
8/16/2013,8:38:26,21.573875,-158.276459,25.06,4356,292,0,9.43,
8/16/2013,8:41:27,21.573801,-158.276413,21.11,0,98,0,9.5,
8/16/2013,8:45:20,21.57387,-158.276428,32.9,756,186,0,7.83,
8/16/2013,8:49:47,21.573807,-158.276459,22.05,0,63,0,7.7,
8/16/2013,8:52:48,21.57386,-158.276428,16.45,0,237,0,6.71,
8/16/2013,8:55:53,21.573792,-158.276474,7.38,1116,219,0,8.93,
8/16/2013,8:58:55,21.573881,-158.276535,6.53,180,166,0,11.74,
8/16/2013,9:02:10,21.573891,-158.276459,26.21,504,232,0,7.94,
8/16/2013,9:05:41,21.573853,-158.276459,20.75,144,107,0,4.23,
8/16/2013,9:09:58,21.573828,-158.276474,21.3,72,98,0,3.18,
8/16/2013,9:14:33,21.573849,-158.276459,22.29,144,103,0,2.8,
8/16/2013,9:18:37,21.573902,-158.276459,27.65,0,133,0,5.89,
8/16/2013,9:21:36,21.573826,-158.276489,12.13,0,176,0,9,
8/16/2013,9:24:36,21.57383,-158.276489,20.2,0,96,0,0.44,
8/16/2013,9:27:35,21.573915,-158.276474,32.41,0,254,0,9.58,
8/16/2013,9:30:33,21.57382,-158.276535,16.78,0,159,0,12.3,
8/16/2013,9:33:31,21.573776,-158.276489,12.02,0,157,0,6.82,
8/16/2013,9:36:30,21.573912,-158.276443,25.25,3672,69,0,15.85,
8/16/2013,9:39:31,21.573818,-158.276489,10.65,0,139,0,11.48,
8/16/2013,9:42:33,21.573835,-158.276489,21.19,0,91,0,1.89,
8/16/2013,9:45:35,21.573853,-158.276474,23.07,0,238,0,2.53,
8/16/2013,9:48:37,21.573877,-158.276489,25.09,0,165,0,3.09,
8/16/2013,9:51:38,21.573854,-158.276474,27.46,0,141,0,2.99,
8/16/2013,9:54:39,21.57387,-158.276398,34.16,0,239,0,8.06,
8/16/2013,9:57:40,21.573849,-158.276443,20.44,0,84,0,5.21,
8/16/2013,10:00:45,21.573832,-158.276489,12.11,0,224,0,5.12,
8/16/2013,10:03:46,21.573858,-158.276443,20.54,0,46,0,5.57,
8/16/2013,10:06:48,21.573872,-158.276428,22.55,0,93,0,2.2,
8/16/2013,10:09:50,21.573793,-158.276566,2.53,0,140,0,16.76,
8/16/2013,10:12:52,21.573877,-158.276382,27.42,0,67,0,21.2,
8/16/2013,10:15:54,21.573908,-158.276093,91.96,0,146,0,30.08,
8/16/2013,10:18:59,21.573902,-158.276169,70.36,0,68,0,7.89,
8/16/2013,10:22:10,21.573885,-158.27623,55.87,0,258,0,6.58,
8/16/2013,10:25:19,21.573887,-158.276108,83.22,0,45,0,12.62,
8/16/2013,10:28:25,21.573895,-158.276154,88.29,0,60,0,4.84,
8/16/2013,10:31:34,21.573868,-158.275909,99.99,3204,247,0,25.51,
8/16/2013,10:35:06,21.573862,-158.276474,17.77,0,130,0,58.43,
8/16/2013,10:39:13,21.573868,-158.276505,28.66,0,306,0,3.27,
8/16/2013,10:42:17,21.573843,-158.276596,32.36,0,224,0,9.81,
8/16/2013,10:45:28,21.573841,-158.276459,29.72,1584,253,0,14.17,
8/16/2013,10:49:32,21.573816,-158.276459,31.02,144,171,0,2.78,
8/16/2013,10:53:56,21.573786,-158.27652,36.75,1980,326,0,7.14,
8/16/2013,10:56:56,21.573853,-158.276413,13.01,396,244,0,13.34,
8/16/2013,10:59:53,21.573864,-158.276428,18.11,0,45,0,1.98,
8/16/2013,11:02:54,21.573843,-158.276398,9.39,2232,91,0,3.88,
8/16/2013,11:05:52,21.573837,-158.276505,16.59,504,339,0,11.08,
8/16/2013,11:08:51,21.573849,-158.276459,14.9,936,261,0,4.94,
8/16/2013,11:11:48,21.573864,-158.276413,11.85,0,84,0,5.04,
8/16/2013,11:14:48,21.573839,-158.276413,14.69,72,166,0,2.78,
8/16/2013,11:17:48,21.573854,-158.276413,10.5,936,128,0,1.67,
8/16/2013,11:20:45,21.573868,-158.276489,24.08,0,85,0,8.01,
8/16/2013,11:23:45,21.573856,-158.276428,20.03,144,253,0,6.45,
8/16/2013,11:26:44,21.573858,-158.276428,17.96,324,123,0,0.22,
8/16/2013,11:29:44,21.573847,-158.276459,27.29,216,278,0,3.43,
8/16/2013,11:32:43,21.57387,-158.276474,37.07,1008,110,0,2.99,
8/16/2013,11:35:41,21.573879,-158.276413,15.26,396,134,0,6.39,
8/16/2013,11:38:39,21.573872,-158.276443,19.05,1512,141,0,3.2,
8/16/2013,11:41:37,21.573849,-158.276459,32.42,3384,125,0,3.05,
8/16/2013,11:44:35,21.573885,-158.276459,24.71,864,128,0,4,
8/16/2013,11:47:34,21.573904,-158.276489,31.37,36,19,0,3.75,
8/16/2013,11:50:32,21.573874,-158.276474,28.39,432,177,0,3.68,
8/16/2013,11:53:31,21.573864,-158.276474,22.03,288,32,0,1.11,
8/16/2013,11:56:29,21.57382,-158.276428,15.81,288,112,0,6.82,
8/16/2013,11:59:27,21.573845,-158.276428,27.18,540,202,0,2.78,
8/16/2013,12:02:31,21.573879,-158.276443,16.72,0,162,0,4.09,
8/16/2013,12:05:38,21.573786,-158.276428,33.09,3672,171,0,10.46,
8/16/2013,12:08:44,21.573853,-158.276443,14.19,0,188,0,7.61,
8/16/2013,12:11:52,21.573853,-158.276474,17.27,1008,22,0,3.21,
8/16/2013,12:15:26,21.573881,-158.276443,35.85,396,26,0,4.47,
8/16/2013,12:19:20,21.573883,-158.276428,28.67,0,100,0,1.57,
8/16/2013,12:22:22,21.573883,-158.276489,-7.98,0,105,0,6.31,
8/16/2013,12:25:23,21.57386,-158.276443,21.53,180,103,0,5.4,
8/16/2013,12:28:22,21.573824,-158.276489,-28.8,0,167,0,6.22,
8/16/2013,12:31:21,21.573839,-158.276413,40.74,0,125,0,8.03,
8/16/2013,12:34:20,21.573839,-158.276413,24.63,0,181,0,0,
8/16/2013,12:37:20,21.573853,-158.276398,25.62,0,287,0,2.2,
8/16/2013,12:40:19,21.57391,-158.276428,34.06,0,232,0,7.06,
8/16/2013,12:43:19,21.573877,-158.276367,74.01,0,137,0,7.3,
8/16/2013,12:46:19,21.573864,-158.276321,75.22,0,51,0,4.97,
8/16/2013,12:49:19,21.573872,-158.276337,59.92,0,308,0,1.88,
8/16/2013,12:52:18,21.573858,-158.276428,15.97,0,265,0,9.54,
8/16/2013,12:55:33,21.573765,-158.276428,36.45,3456,358,0,10.34,
8/16/2013,12:58:31,21.573854,-158.276489,-11.86,972,99,0,11.74,
8/16/2013,13:01:33,21.573877,-158.276428,32.8,1944,104,0,6.81,
8/16/2013,13:04:32,21.573874,-158.276505,11.17,360,105,0,7.97,
8/16/2013,13:07:31,21.573841,-158.276443,31.54,648,173,0,7.39,
8/16/2013,13:10:30,21.573858,-158.276428,36.11,936,347,0,2.45,
8/16/2013,13:13:29,21.573832,-158.276413,30.76,2772,48,0,3.28,
8/16/2013,13:16:28,21.57387,-158.276535,8.04,2232,67,0,13.3,
8/16/2013,13:19:26,21.573847,-158.276505,16.15,180,100,0,4.02,
8/16/2013,13:22:25,21.57382,-158.276459,19.86,504,278,0,5.62,
8/16/2013,13:25:23,21.57383,-158.276474,23.64,1188,217,0,1.91,
8/16/2013,13:28:23,21.573853,-158.276443,19.16,216,262,0,4.1,
8/16/2013,13:31:23,21.573868,-158.276428,24.89,180,159,0,2.28,
8/16/2013,13:34:23,21.573835,-158.276474,16.15,288,302,0,6.01,
8/16/2013,13:37:23,21.57391,-158.276413,17.71,1332,200,0,10.46,
8/16/2013,13:40:23,21.57387,-158.276443,22.34,72,60,0,5.42,
8/16/2013,13:43:23,21.573902,-158.276443,18.55,432,203,0,3.56,
8/16/2013,13:46:23,21.573853,-158.276459,24.46,720,62,0,5.69,
8/16/2013,13:49:25,21.573858,-158.276428,19.4,0,343,0,3.25,
8/16/2013,13:52:25,21.573851,-158.276505,6.67,2340,24,0,8,
8/16/2013,13:55:26,21.573933,-158.276428,3.22,0,264,0,12.11,
8/16/2013,13:58:29,21.573856,-158.276459,16.11,0,36,0,9.14,
8/16/2013,14:01:35,21.573647,-158.276642,18.39,2052,220,0,29.97,
8/16/2013,14:05:01,21.573765,-158.276581,21.92,0,213,0,14.56,
8/16/2013,14:08:34,21.573887,-158.276474,6.06,72,191,0,17.51,
8/16/2013,14:12:56,21.573837,-158.276443,14.63,0,152,0,6.42,
8/16/2013,14:15:55,21.573889,-158.276443,13.81,216,132,0,5.78,
8/16/2013,14:18:55,21.573853,-158.276459,25.61,252,138,0,4.33,
8/16/2013,14:21:52,21.573891,-158.276413,28.68,0,283,0,6.36,
8/16/2013,14:24:52,21.573854,-158.276428,19.94,252,101,0,4.4,
8/16/2013,14:27:50,21.573843,-158.276459,14.73,216,126,0,3.43,
8/16/2013,14:30:50,21.573854,-158.276459,18.89,216,116,0,1.22,
8/16/2013,14:33:49,21.573858,-158.276428,21.34,144,127,0,3.24,
8/16/2013,14:36:48,21.573818,-158.276489,22.49,180,145,0,7.72,
8/16/2013,14:39:49,21.573849,-158.276443,20.2,0,185,0,5.87,
8/16/2013,14:42:48,21.573879,-158.276459,19.6,36,116,0,3.72,
8/16/2013,14:45:48,21.573887,-158.276443,30.85,288,104,0,1.88,
8/16/2013,14:48:47,21.573818,-158.276459,23.17,0,204,0,7.85,
8/16/2013,14:51:46,21.573879,-158.276443,27.82,144,52,0,6.98,
8/16/2013,14:54:45,21.573849,-158.276428,30.17,0,58,0,3.68,
8/16/2013,14:57:45,21.573854,-158.276428,23.69,0,100,0,0.56,
8/16/2013,15:00:48,21.573874,-158.276367,41.29,612,126,0,6.69,
8/16/2013,15:03:50,21.573868,-158.276443,26.73,0,185,0,7.89,
8/16/2013,15:06:51,21.573828,-158.27652,14.34,1008,278,0,9.12,
8/16/2013,15:09:51,21.573833,-158.276413,22.12,0,226,0,11.08,
8/16/2013,15:12:53,21.573828,-158.276474,10.32,0,221,0,6.33,
8/16/2013,15:15:54,21.573856,-158.276413,24.85,0,235,0,7.03,
8/16/2013,15:18:54,21.573866,-158.276398,26.82,0,90,0,1.91,
8/16/2013,15:21:55,21.573893,-158.276337,41.2,0,91,0,6.99,
8/16/2013,15:24:56,21.573902,-158.276398,36.36,0,240,0,6.39,
8/16/2013,15:27:58,21.573885,-158.276337,55.83,3060,84,0,6.58,
8/16/2013,15:31:03,21.573875,-158.276367,36.94,288,247,0,3.3,
8/16/2013,15:34:33,21.573858,-158.276474,13.79,36,108,0,11.22,
8/16/2013,15:37:41,21.573858,-158.276596,-6.6,0,246,0,12.62,
8/16/2013,15:40:38,21.573851,-158.276596,-18.93,0,279,0,0.78,
8/16/2013,15:43:35,21.573847,-158.276489,4.25,1116,250,0,11.07,
8/16/2013,15:46:35,21.573908,-158.276779,-55.53,0,27,0,30.75,
8/16/2013,15:49:38,21.57386,-158.276642,-6.69,0,44,0,15.14,
8/16/2013,15:52:40,21.573864,-158.276764,-47.71,0,65,0,12.62,
8/16/2013,15:55:42,21.573908,-158.276337,34.42,0,77,0,44.42,
8/16/2013,15:58:44,21.57391,-158.276245,31.65,0,313,0,9.52,
8/16/2013,16:01:49,21.573864,-158.276382,36.63,0,46,0,15.06,
8/16/2013,16:04:51,21.573841,-158.276489,25.38,0,235,0,11.36,
8/16/2013,16:07:53,21.573862,-158.276474,11.7,4968,155,0,2.8,
8/16/2013,16:10:55,21.573866,-158.276459,32.89,4572,288,0,1.61,
8/16/2013,16:13:59,21.573866,-158.276367,21.25,0,240,0,9.51,
8/16/2013,16:17:01,21.573885,-158.276505,10.2,1224,20,0,14.43,
8/16/2013,16:20:03,21.573896,-158.276413,26.38,0,92,0,9.59,
8/16/2013,16:23:11,21.5739,-158.276276,20.05,6408,69,0,14.17,
8/16/2013,16:26:11,21.573826,-158.276566,0.05,0,74,0,31.1,
8/16/2013,16:29:32,21.573837,-158.27655,10.25,0,252,0,2.06,
8/16/2013,16:32:42,21.573843,-158.27655,2.48,0,242,0,0.67,
8/16/2013,16:36:21,21.573864,-158.276474,17.01,2016,264,0,8.2,
8/16/2013,16:39:38,21.573929,-158.27626,15.69,0,119,0,23.28,
8/16/2013,16:43:14,21.573879,-158.276337,50.56,0,240,0,9.71,
8/16/2013,16:47:00,21.573853,-158.276428,37,1476,115,0,9.84,
8/16/2013,16:51:13,21.573883,-158.276489,42.57,864,68,0,7.14,
8/16/2013,16:56:04,21.573902,-158.276382,33.02,2736,268,0,11.26,
8/16/2013,17:01:41,21.573832,-158.276413,8.53,0,280,0,8.42,
8/16/2013,17:04:44,21.573835,-158.276505,20.57,0,302,0,9.52,
8/16/2013,17:07:47,21.573843,-158.276581,13.37,0,169,0,7.91,
8/16/2013,17:10:52,21.573864,-158.276459,31.06,0,110,0,12.83,
8/16/2013,17:13:57,21.573887,-158.276443,24.31,5652,125,0,3.05,
8/16/2013,17:16:57,21.573805,-158.276352,17.94,0,109,0,13.1,
8/16/2013,17:20:00,21.573805,-158.276398,8.39,684,277,0,4.76,
8/16/2013,17:23:44,21.573948,-158.276596,43.23,576,101,0,25.92,
8/16/2013,17:27:45,21.573912,-158.27655,35.01,2880,319,0,6.22,
8/16/2013,17:31:49,21.573826,-158.276428,25.7,0,64,0,15.83,
8/16/2013,17:34:49,21.573858,-158.276459,24.61,0,290,0,4.79,
8/16/2013,17:37:50,21.573837,-158.276428,23.6,0,98,0,3.97,
8/16/2013,17:40:50,21.573904,-158.276566,14.79,0,131,0,16.1,
8/16/2013,17:43:51,21.573872,-158.276535,18.2,0,122,0,4.79,
8/16/2013,17:46:51,21.573797,-158.276459,19.27,0,131,0,11.46,
8/16/2013,17:49:55,21.573851,-158.27655,14.26,864,286,0,11.16,
8/16/2013,17:52:59,21.573761,-158.276276,21.33,576,272,0,30.05,
8/16/2013,17:56:30,21.573729,-158.276413,1.16,0,177,0,14.61,
8/16/2013,17:59:50,21.573761,-158.276413,13.27,0,154,0,3.56,
8/16/2013,18:02:52,21.573713,-158.276428,0.98,0,352,0,5.56,
8/16/2013,18:05:51,21.573698,-158.276367,9.13,0,148,0,6.52,
8/16/2013,18:08:50,21.573692,-158.276321,9.14,0,296,0,4.8,
8/16/2013,18:11:48,21.573666,-158.276321,11.78,0,170,0,2.89,
8/16/2013,18:14:47,21.573997,-158.276489,33.24,0,357,0,40.7,
8/16/2013,18:17:47,21.573772,-158.276398,18.18,0,334,0,26.73,
8/16/2013,18:20:47,21.573837,-158.276428,29.74,0,325,0,7.87,
8/16/2013,18:23:41,21.573692,-158.276367,8.01,0,145,0,17.31,
8/16/2013,18:26:41,21.573772,-158.276398,16.93,0,327,0,9.46,
8/16/2013,18:29:40,21.573746,-158.276398,16.8,0,137,0,2.89,
8/16/2013,18:32:38,21.573784,-158.276382,32,0,321,0,4.54,
8/16/2013,18:35:36,21.573952,-158.276489,30.29,0,331,0,21.71,
8/16/2013,18:38:37,21.573887,-158.276474,22.42,0,134,0,7.39,
8/16/2013,18:41:37,21.574068,-158.276657,20.03,2592,318,0,27.63,
8/16/2013,18:44:37,21.573795,-158.276443,18.05,0,313,0,37.57,
8/16/2013,18:47:36,21.573994,-158.276596,20.01,0,312,0,27.2,
8/16/2013,18:50:37,21.57382,-158.276382,28.98,684,316,0,29.39,
8/16/2013,18:53:36,21.573776,-158.276352,27.98,0,316,0,5.79,
8/16/2013,18:56:36,21.573847,-158.276428,32.19,4536,131,0,11.14,
8/16/2013,18:59:35,21.573822,-158.276352,38.59,1728,126,0,8.34,
8/16/2013,19:02:40,21.573862,-158.276474,19.96,4356,308,0,13.38,
8/16/2013,19:05:49,21.573793,-158.276352,21.77,0,130,0,14.77,
8/16/2013,19:09:00,21.573841,-158.276428,26.77,0,303,0,9.5,
8/16/2013,19:12:12,21.573877,-158.276489,15.5,2952,308,0,7.47,
8/16/2013,19:15:24,21.573975,-158.276611,18.72,0,303,0,16.67,
8/16/2013,19:18:35,21.573818,-158.276398,29.26,4500,124,0,28.1,
8/16/2013,19:22:02,21.573858,-158.276459,22.49,0,50,0,7.72,
8/16/2013,19:25:06,21.5737,-158.276794,126.94,1584,114,0,38.84,
8/16/2013,19:28:10,21.573853,-158.276413,23.81,756,120,0,42.91,
8/16/2013,19:31:14,21.573881,-158.276505,24.81,216,163,0,10.01,
8/16/2013,19:34:18,21.573877,-158.276459,37.87,2124,106,0,4.78,
8/16/2013,19:37:22,21.573971,-158.277084,17.66,648,320,0,65.47,
8/16/2013,19:40:26,21.573952,-158.276398,55.82,5904,123,0,70.97,
8/16/2013,19:43:30,21.573643,-158.276047,47.12,2196,195,0,49.98,
8/16/2013,19:46:36,21.573782,-158.276581,-5.22,0,213,0,57.34,
8/16/2013,19:49:41,21.574121,-158.276749,108.17,0,113,0,41.51,
8/16/2013,19:52:46,21.573774,-158.276611,25.53,0,30,0,41.14,
8/16/2013,19:55:52,21.573748,-158.276642,-12.34,0,351,0,4.32,
8/16/2013,19:58:57,21.573641,-158.276703,-45.3,324,327,0,13.47,
8/16/2013,20:01:58,21.57373,-158.276459,37.32,0,189,0,27.1,
8/16/2013,20:04:53,21.57373,-158.276733,-33.21,0,115,0,28.33,
8/16/2013,20:07:48,21.573759,-158.276657,-3.94,0,279,0,8.49,
8/16/2013,20:10:43,21.5737,-158.276169,95.86,0,270,0,50.89,
8/16/2013,20:13:37,21.573877,-158.276657,-35.87,0,141,0,54.16,
8/16/2013,20:16:36,21.573929,-158.276428,32.19,288,242,0,24.38,
8/16/2013,20:19:31,21.573832,-158.276581,-3.75,0,235,0,19.15,
8/16/2013,20:22:25,21.573812,-158.276688,1.88,0,340,0,11.29,
8/16/2013,20:25:23,21.573893,-158.276413,37.94,108,305,0,29.83,
8/16/2013,20:28:17,21.57394,-158.276398,78.48,0,308,0,5.45,
8/16/2013,20:31:15,21.573927,-158.276489,38.69,720,357,0,9.52,
8/16/2013,20:34:14,21.573898,-158.276566,22.32,1404,41,0,8.59,
8/16/2013,20:37:08,21.574446,-158.276642,316.77,0,345,0,61.44,
8/16/2013,20:40:02,21.574373,-158.275864,417.53,0,125,0,80.86,
8/16/2013,20:42:57,21.573725,-158.27597,156.44,0,109,0,72.88,
8/16/2013,20:45:56,21.573809,-158.276535,-0.71,1368,263,0,59.17,
8/16/2013,20:48:51,21.573664,-158.275864,183.27,0,119,0,71.23,
8/16/2013,20:51:45,21.573671,-158.276001,25.3,0,294,0,14.19,
8/16/2013,20:54:43,21.573889,-158.276505,28.44,576,256,0,57.48,
8/16/2013,20:57:42,21.573843,-158.27652,6.36,1476,283,0,5.34,
8/16/2013,21:00:47,21.57382,-158.276428,21.99,360,294,0,9.85,
8/16/2013,21:03:51,21.573778,-158.276337,-4.51,0,292,0,10.51,
8/16/2013,21:06:58,21.573856,-158.276505,31.77,2448,229,0,19.42,
8/16/2013,21:10:05,21.573973,-158.276764,4.69,4284,322,0,29.77,
8/16/2013,21:13:12,21.573879,-158.276581,10.4,3168,296,0,21.62,
8/16/2013,21:16:20,21.573862,-158.276535,21.75,0,94,0,5.12,
8/16/2013,21:19:27,21.573854,-158.276627,-8.4,0,106,0,9.55,
8/16/2013,21:22:34,21.573908,-158.276688,-21.23,0,101,0,8.71,
8/16/2013,21:25:41,21.573858,-158.276657,-22.47,0,104,0,6.42,
8/16/2013,21:28:48,21.573828,-158.276474,46.76,0,75,0,19.21,
8/16/2013,21:31:55,21.573851,-158.276428,38.85,0,137,0,5.4,
8/16/2013,21:35:03,21.573847,-158.276581,-0.55,0,289,0,15.83,
8/16/2013,21:38:10,21.573881,-158.27655,36.21,0,140,0,4.96,
8/16/2013,21:41:20,21.573872,-158.276703,-14.7,0,289,0,15.85,
8/16/2013,21:44:30,21.573839,-158.276474,29.2,0,139,0,23.96,
8/16/2013,21:47:40,21.573868,-158.276382,75.32,0,278,0,10.04,
8/16/2013,21:50:50,21.57386,-158.276443,65.1,1080,273,0,6.37,
8/16/2013,21:53:58,21.573885,-158.276413,42.39,0,118,0,4.17,
8/16/2013,21:57:08,21.573778,-158.27626,35.06,0,58,0,19.8,
8/16/2013,22:01:36,21.573874,-158.276398,23.3,0,119,0,17.82,
8/16/2013,22:07:20,21.573895,-158.276443,17.2,0,127,0,5.21,
8/16/2013,22:10:34,21.573854,-158.276459,29.83,0,127,0,4.85,
8/16/2013,22:13:47,21.573851,-158.276352,14.15,756,146,0,11.07,
8/16/2013,22:17:01,21.573832,-158.276459,32.16,0,169,0,11.26,
8/16/2013,22:20:15,21.573843,-158.276489,31.76,0,183,0,3.33,
8/16/2013,22:23:28,21.573843,-158.276489,23.95,0,159,0,0,
8/16/2013,22:26:43,21.573877,-158.276428,27.38,0,189,0,7.35,
8/16/2013,22:29:57,21.573757,-158.276443,54.2,0,166,0,13.43,
8/16/2013,22:33:12,21.57383,-158.276413,32,0,11,0,8.69,
8/16/2013,22:36:21,21.573761,-158.27652,54.59,2412,163,0,13.46,
8/16/2013,22:39:29,21.573792,-158.27652,43.66,0,111,0,3.45,
8/16/2013,22:42:36,21.573738,-158.276489,56.34,4284,182,0,6.81,
8/16/2013,22:45:42,21.573605,-158.276459,82.15,1800,359,0,15.11,
8/16/2013,22:48:48,21.573208,-158.276535,158.78,0,37,0,44.84,
8/16/2013,22:51:53,21.573713,-158.276474,58.65,0,8,0,56.51,
8/16/2013,22:55:02,21.573784,-158.276474,46.13,0,98,0,7.89,
8/16/2013,22:58:11,21.573648,-158.276474,63.84,0,155,0,15.12,
8/16/2013,23:01:22,21.573774,-158.276443,46.82,0,177,0,14.37,
8/16/2013,23:04:31,21.573786,-158.276489,41.48,0,176,0,4.94,
8/16/2013,23:07:40,21.573797,-158.276474,40.78,2988,179,0,1.98,
8/16/2013,23:11:03,21.573877,-158.276459,27.19,144,105,0,9.03,
8/16/2013,23:14:06,21.573839,-158.27652,18.22,432,43,0,7.59,
8/16/2013,23:17:08,21.573925,-158.276413,10.61,324,55,0,14.62,
8/16/2013,23:20:11,21.57395,-158.276474,19.38,468,109,0,6.89,
8/16/2013,23:23:13,21.573811,-158.276443,30.49,288,77,0,15.79,
8/16/2013,23:26:15,21.573931,-158.27652,26.56,252,36,0,15.54,
8/16/2013,23:29:18,21.573896,-158.276428,34.75,252,122,0,10.28,
8/16/2013,23:32:22,21.573887,-158.276459,26.2,324,204,0,3.36,
8/16/2013,23:35:24,21.57378,-158.276474,17.79,180,25,0,12,
8/16/2013,23:38:28,21.573835,-158.276459,19.64,288,136,0,6.31,
8/16/2013,23:41:33,21.573868,-158.276459,24.86,0,124,0,3.67,
8/16/2013,23:44:35,21.573915,-158.276474,26.62,2196,309,0,5.45,
8/16/2013,23:47:36,21.573801,-158.276459,16.74,396,125,0,12.77,
8/16/2013,23:50:37,21.573746,-158.276413,19.62,144,58,0,7.75,
8/16/2013,23:53:39,21.573824,-158.27655,39.16,648,76,0,16.61,
8/16/2013,23:56:42,21.573835,-158.276489,23.35,180,118,0,6.43,
8/16/2013,23:59:45,21.573811,-158.276428,13.65,0,162,-4,6.85,1
8/17/2013,0:02:47,21.573824,-158.276459,32.68,540,10,-2,0,1
8/17/2013,0:05:44,21.573822,-158.276428,-27.45,288,42,0,3.21,1
8/17/2013,0:08:42,21.573877,-158.276505,1.66,36,136,0,10.04,
8/17/2013,0:11:42,21.573832,-158.276459,20.08,72,106,0,6.9,
8/17/2013,0:14:39,21.573822,-158.27652,35.26,468,239,0,6.4,
8/17/2013,0:17:36,21.573839,-158.276459,1.59,828,201,0,6.58,
8/17/2013,0:20:34,21.573915,-158.27652,17.3,504,236,0,10.55,
8/17/2013,0:23:32,21.573858,-158.276428,15,144,92,0,11.43,
8/17/2013,0:26:29,21.573824,-158.276566,22.32,216,125,0,14.76,
8/17/2013,0:29:30,21.573837,-158.276443,18.38,0,196,0,12.8,
8/17/2013,0:32:28,21.57407,-158.27626,97.72,720,81,0,32.08,
8/17/2013,0:35:31,21.573824,-158.276382,54.49,540,120,0,30.12,
8/17/2013,0:38:30,21.573273,-158.276581,-127.67,1080,251,0,64.63,
8/17/2013,0:41:30,21.573717,-158.275818,119.26,900,255,0,93.07,
8/17/2013,0:44:31,21.573879,-158.276306,58.94,108,19,0,53.58,
8/17/2013,0:47:32,21.573862,-158.276276,73,468,187,0,3.63,
8/17/2013,0:50:34,21.573818,-158.276413,110.81,0,212,0,14.99,
8/17/2013,0:53:37,21.573816,-158.276459,42.54,0,159,0,4.76,
8/17/2013,0:56:39,21.573948,-158.276199,76.64,504,257,0,30.63,
8/17/2013,0:59:42,21.57382,-158.276505,2.31,0,272,0,34.7,
8/17/2013,1:02:43,21.573816,-158.276459,40.85,468,185,0,4.78,
8/17/2013,1:05:36,21.573984,-158.276245,-172.25,0,111,0,28.96,
8/17/2013,1:08:30,21.573811,-158.276474,41.84,0,177,0,30.51,
8/17/2013,1:11:26,21.573799,-158.276489,28.26,648,128,0,2.05,
8/17/2013,1:14:20,21.573774,-158.276505,39.47,0,352,0,3.23,
8/17/2013,1:17:13,21.573938,-158.276428,144.67,1800,25,0,19.9,
8/17/2013,1:20:07,21.573885,-158.276459,20.2,0,223,0,6.71,
8/17/2013,1:23:00,21.574188,-158.276184,17.22,0,268,0,44.09,
8/17/2013,1:25:54,21.573523,-158.276733,18.99,0,109,0,93.22,
8/17/2013,1:28:47,21.573952,-158.276474,5.49,1368,200,0,54.71,
8/17/2013,1:31:45,21.573772,-158.27655,26.03,432,160,0,21.5,
8/17/2013,1:34:42,21.573809,-158.276474,39.5,324,240,0,8.87,
8/17/2013,1:37:38,21.57387,-158.276474,31.96,0,271,0,6.78,
8/17/2013,1:40:36,21.573828,-158.27655,13.39,72,143,0,9.14,
8/17/2013,1:43:34,21.573812,-158.276489,29.35,540,55,0,6.55,
8/17/2013,1:46:28,21.574091,-158.276077,55.07,2016,217,0,52.7,
8/17/2013,1:49:26,21.573801,-158.27655,32.15,2340,212,0,58.58,
8/17/2013,1:52:23,21.573832,-158.27652,32.81,828,190,0,4.64,
8/17/2013,1:55:20,21.573721,-158.276627,20.67,180,82,0,16.58,
8/17/2013,1:58:17,21.573837,-158.276428,43.39,1548,221,0,24.29,
8/17/2013,2:01:59,21.573872,-158.276459,46.82,0,175,0,5.04,
8/17/2013,2:05:08,21.573807,-158.276459,16.85,0,164,0,7.23,
8/17/2013,2:08:17,21.573803,-158.276535,-6.7,0,272,0,7.87,
8/17/2013,2:11:26,21.573685,-158.276672,-86.14,0,292,0,19.31,
8/17/2013,2:14:34,21.573698,-158.276657,-78.36,0,263,0,2.12,
8/17/2013,2:17:42,21.573685,-158.276688,-80.97,0,51,0,3.52,
8/17/2013,2:20:50,21.573685,-158.276657,-54.52,0,85,0,3.21,
8/17/2013,2:23:58,21.573689,-158.276825,-79.53,0,103,0,17.38,
8/17/2013,2:27:06,21.573679,-158.27681,-77.13,0,118,0,1.91,
8/17/2013,2:30:14,21.573694,-158.27681,-73.1,0,109,0,1.67,
8/17/2013,2:33:22,21.57373,-158.276733,-49.06,0,94,0,8.91,
8/17/2013,2:36:31,21.573797,-158.276596,-5.15,0,216,0,16.01,
8/17/2013,2:39:39,21.573725,-158.276901,-79.37,0,250,0,32.54,
8/17/2013,2:42:47,21.573708,-158.276825,-60.61,0,178,0,8.08,
8/17/2013,2:45:55,21.574049,-158.275894,146.88,0,170,0,103.47,
8/17/2013,2:49:04,21.573513,-158.277527,-192.35,0,351,0,179.07,
8/17/2013,2:52:17,21.573824,-158.276627,-6.31,0,45,0,99.28,
8/17/2013,2:55:30,21.573816,-158.276733,-21.76,0,235,0,11,
8/17/2013,2:58:43,21.573807,-158.276794,-31.57,0,219,0,6.39,
8/17/2013,3:01:54,21.573915,-158.27652,17.99,0,154,0,30.77,
8/17/2013,3:05:04,21.573772,-158.276978,-68.2,0,228,0,49.96,
8/17/2013,3:08:17,21.573826,-158.276779,-33.14,0,67,0,21.44,
8/17/2013,3:11:25,21.573856,-158.276566,5.78,0,214,0,22.28,
8/17/2013,3:14:32,21.573847,-158.276688,-15.76,0,222,0,12.66,
8/17/2013,3:17:40,21.573835,-158.276718,-15.81,0,231,0,3.38,
8/17/2013,3:20:46,21.573858,-158.276978,-56.97,0,192,0,27.01,
8/17/2013,3:23:51,21.573849,-158.276321,47.31,0,133,0,67.94,
8/17/2013,3:26:56,21.573872,-158.276733,-16.25,0,228,0,42.68,
8/17/2013,3:30:01,21.574013,-158.277252,-162.16,0,67,0,55.91,
8/17/2013,3:33:06,21.573893,-158.277802,-155.28,0,53,0,58.42,
8/17/2013,3:36:11,21.574203,-158.277008,-55.86,0,179,0,89.05,
8/17/2013,3:39:16,21.573868,-158.276611,1.61,0,220,0,55.43,
8/17/2013,3:42:21,21.573854,-158.27623,67.21,0,224,0,39.43,
8/17/2013,3:45:26,21.573677,-158.275925,122.21,0,232,0,37.18,
8/17/2013,3:48:31,21.5737,-158.27533,227.37,0,222,0,61.58,
8/17/2013,3:51:40,21.573545,-158.275696,171.41,0,254,0,41.59,
8/17/2013,3:54:49,21.573517,-158.275711,170.21,0,235,0,3.48,
8/17/2013,3:57:57,21.573507,-158.275803,161.83,0,50,0,9.58,
8/17/2013,4:01:07,21.573515,-158.275894,149.82,0,99,0,9.45,
8/17/2013,4:04:16,21.573469,-158.27594,146.73,0,255,0,6.98,
8/17/2013,4:07:24,21.573519,-158.276001,141.07,0,270,0,8.41,
8/17/2013,4:10:33,21.573555,-158.276184,107.94,0,268,0,19.34,
8/17/2013,4:13:42,21.57362,-158.27623,96.37,0,191,0,8.65,
8/17/2013,4:16:51,21.573717,-158.276306,75.48,0,15,0,13.35,
8/17/2013,4:20:00,21.573637,-158.276321,78.86,0,20,0,9.03,
8/17/2013,4:23:33,21.573847,-158.276474,20.02,0,49,0,28.21,
8/17/2013,4:26:37,21.573851,-158.276459,22.21,108,202,0,1.61,
8/17/2013,4:29:41,21.573847,-158.276474,20.87,72,108,0,1.61,
8/17/2013,4:32:44,21.573845,-158.276413,32.98,144,0,0,6.31,
8/17/2013,4:35:47,21.573853,-158.276443,27.09,216,150,0,3.23,
8/17/2013,4:38:51,21.573841,-158.276459,19,72,173,0,2.13,
8/17/2013,4:41:54,21.573868,-158.276474,34.27,936,214,0,3.38,
8/17/2013,4:44:57,21.573847,-158.276459,26.89,288,144,0,2.8,
8/17/2013,4:47:59,21.573908,-158.276459,-2.21,5184,252,0,6.78,
8/17/2013,4:51:01,21.573895,-158.276443,42.76,288,123,0,2.2,
8/17/2013,4:54:03,21.573868,-158.276382,29.81,648,133,0,6.99,
8/17/2013,4:57:06,21.573853,-158.276489,27.89,108,56,0,11.19,
8/17/2013,5:00:08,21.573824,-158.276474,24.45,504,153,0,3.58,
8/17/2013,5:03:05,21.573923,-158.276566,2.84,288,69,0,14.55,
8/17/2013,5:06:02,21.573736,-158.276489,24.76,396,298,0,22.27,
8/17/2013,5:08:59,21.5739,-158.276443,23.11,216,320,0,18.85,
8/17/2013,5:11:57,21.573929,-158.27655,15.11,360,178,0,11.52,
8/17/2013,5:14:55,21.57379,-158.276413,11.71,252,165,0,20.97,
8/17/2013,5:17:53,21.573862,-158.276489,31.15,72,286,0,11.22,
8/17/2013,5:20:51,21.573824,-158.276474,23.83,540,272,0,4.5,
8/17/2013,5:23:48,21.573769,-158.276672,-38.11,4248,146,0,21.37,
8/17/2013,5:26:45,21.573946,-158.276505,42.64,540,198,0,26.18,
8/17/2013,5:29:44,21.573837,-158.276474,23.07,180,126,0,12.54,
8/17/2013,5:32:41,21.573854,-158.276581,33.32,612,25,0,11.22,
8/17/2013,5:35:38,21.573898,-158.276413,45.39,504,75,0,18.05,
8/17/2013,5:38:35,21.57859,-158.283127,-7.36,35424,287,0,868.44,1
8/17/2013,5:41:32,21.584106,-158.299255,-42.19,35856,291,0,1776.85,1
8/17/2013,5:44:29,21.583096,-158.313995,0.36,41436,228,0,1528.22,1
8/17/2013,5:47:27,21.579985,-158.328293,8.66,40932,289,0,1518.34,1
8/17/2013,5:50:25,21.580624,-158.331345,7.16,35820,234,0,323.48,1
8/17/2013,5:53:21,21.576729,-158.339066,4.32,41580,228,0,908.28,1
8/17/2013,5:56:18,21.571848,-158.349899,20,49644,231,0,1244.74,1
8/17/2013,5:59:14,21.566193,-158.363373,6.18,44892,268,0,1528.65,1
8/17/2013,6:02:14,21.560318,-158.373749,-32.03,46764,289,0,1256.23,1
8/17/2013,6:05:15,21.559381,-158.38768,22.31,38340,196,0,1444.44,1
8/17/2013,6:08:16,21.557451,-158.400208,39.38,40212,190,0,1313.25,1
8/17/2013,6:11:17,21.558628,-158.414322,-4.67,33192,304,0,1465.47,1
8/17/2013,6:14:19,21.558979,-158.429367,16.18,38052,299,0,1556.38,1
8/17/2013,6:17:21,21.560005,-158.445572,13.29,32292,319,0,1679.72,1
8/17/2013,6:20:22,21.567966,-158.460419,-18.03,26496,107,0,1772.27,1
8/17/2013,6:23:25,21.576258,-158.458405,-7.77,23004,6,0,945.26,1
8/17/2013,6:26:28,21.583923,-158.472168,12.35,42156,300,0,1658.81,1
8/17/2013,6:29:31,21.577991,-158.488556,16.22,37188,194,0,1818.37,1
8/17/2013,6:32:34,21.564365,-158.49791,-77.88,48024,225,0,1797.57,1
8/17/2013,6:35:37,21.553755,-158.509415,-19.31,50076,290,0,1675.56,1
8/17/2013,6:38:40,21.543913,-158.519989,22.86,45036,212,0,1547.13,1
8/17/2013,6:41:43,21.541386,-158.53537,-18.25,55152,290,0,1615.44,1
8/17/2013,6:44:47,21.534286,-158.550705,-5.2,41616,193,0,1771.73,1
8/17/2013,6:47:50,21.519138,-158.557083,-24.92,57276,300,0,1808.97,1
8/17/2013,6:50:53,21.527386,-158.573151,-3.28,39996,337,0,1898.34,1
8/17/2013,6:53:56,21.538002,-158.587875,-33.49,60552,252,0,1926.88,1
8/17/2013,6:56:59,21.526039,-158.603714,-23.52,58896,260,0,2110.34,1
8/17/2013,7:00:02,21.517548,-158.620193,39.96,40284,186,0,1948.63,1
8/17/2013,7:03:06,21.496778,-158.634033,49.71,66780,280,0,2717.33,1
8/17/2013,7:06:10,21.490528,-158.632462,50.62,0,213,0,713.72,1
8/17/2013,7:09:13,21.488407,-158.630569,88.6,10764,346,0,306.57,
8/17/2013,7:12:17,21.488508,-158.630692,25.5,0,291,0,16.97,
8/17/2013,7:15:20,21.48642,-158.636261,-177.33,36756,294,0,621.22,1
8/17/2013,7:18:23,21.48509,-158.649979,-69.42,24048,115,0,1427.06,1
8/17/2013,7:21:26,21.489195,-158.669708,21.82,29376,335,0,2091.71,1
8/17/2013,7:24:30,21.490721,-158.690826,27.24,53640,303,0,2191.55,1
8/17/2013,7:27:34,21.49789,-158.70845,9.35,21672,218,0,1990.05,1
8/17/2013,7:30:37,21.502447,-158.728424,222.91,6948,350,0,2127.68,1
8/17/2013,7:33:41,21.510004,-158.747742,84.49,39312,339,0,2167.98,1
8/17/2013,7:36:45,21.521395,-158.764175,12.56,23688,352,0,2119.93,1
8/17/2013,7:39:49,21.534891,-158.77684,-78.34,37260,355,0,1992.05,1
8/17/2013,7:42:52,21.544806,-158.775162,-122.8,14760,73,0,1116.07,1
8/17/2013,7:45:56,21.544336,-158.774399,-1.17,8352,254,0,94.65,1
8/17/2013,7:48:59,21.544418,-158.774567,54.52,25020,94,0,19.62,
8/17/2013,7:52:06,21.544949,-158.774918,13.98,25596,189,0,69.31,1
8/17/2013,7:55:11,21.545105,-158.774872,116.54,12708,76,0,17.99,1
8/17/2013,7:58:18,21.545732,-158.775146,21.29,6372,10,0,75.26,
8/17/2013,8:02:36,21.545673,-158.775101,8.39,21852,172,0,8.04,
8/17/2013,8:07:12,21.545525,-158.774414,22.66,54648,227,0,72.93,1
8/17/2013,8:10:21,21.545931,-158.774857,5.83,7812,157,0,64.32,1
8/17/2013,8:13:27,21.546688,-158.775162,-2.23,0,20,0,89.89,
8/17/2013,8:16:35,21.54644,-158.775116,21.54,0,316,0,27.98,
8/17/2013,8:19:41,21.545488,-158.774765,2.82,24984,195,0,111.91,
8/17/2013,8:22:48,21.545956,-158.774719,12.66,0,140,0,52.26,
8/17/2013,8:25:52,21.545635,-158.774933,-2.14,8532,193,0,42,
8/17/2013,8:28:56,21.540066,-158.772659,15.8,9900,201,0,662.4,1
8/17/2013,8:32:02,21.526436,-158.771561,7.72,42228,174,0,1519.84,1
8/17/2013,8:35:07,21.511484,-158.770767,7.27,26100,145,0,1664.61,1
8/17/2013,8:38:15,21.491486,-158.771042,11.26,32076,163,0,2223.86,1
8/17/2013,8:41:23,21.47607,-158.776245,12.56,10152,0,0,1796.73,1
8/17/2013,8:44:29,21.478207,-158.776688,12.62,32472,150,0,242,1
8/17/2013,8:47:36,21.481218,-158.775391,7.63,19296,61,0,360.7,1
8/17/2013,8:50:44,21.485027,-158.777985,13.22,26460,359,0,501.42,1
8/17/2013,8:53:50,21.484093,-158.7733,22.42,25740,354,0,495.75,1
8/17/2013,8:57:00,21.487146,-158.775757,10.6,0,116,0,424.12,1
8/17/2013,9:00:08,21.486647,-158.77507,14.45,20304,141,0,90.17,1
8/17/2013,9:03:35,21.474962,-158.773834,15.27,10404,197,0,1305.59,1
8/17/2013,9:07:58,21.456047,-158.768341,6.5,49320,185,0,2178.71,1
8/17/2013,9:14:03,21.433229,-158.766052,8.11,38304,309,0,2548.28,1
8/17/2013,9:17:29,21.426529,-158.774033,6.55,13860,23,0,1112.41,1
8/17/2013,9:22:26,21.419971,-158.782104,5.89,30240,154,0,1108.93,1
8/17/2013,9:27:47,21.402096,-158.773438,-1.19,26424,164,0,2180.69,1
8/17/2013,9:31:13,21.389,-158.769775,-21.85,41904,201,0,1504.78,1
8/17/2013,9:35:59,21.378977,-158.762146,-22.25,35748,173,0,1366.04,1
8/17/2013,9:41:40,21.375664,-158.766891,-21.79,21132,175,0,614.09,1
8/17/2013,9:47:56,21.375496,-158.766968,7.26,1836,50,0,20.31,1
8/17/2013,9:53:39,21.383957,-158.759964,20.08,36648,345,0,1187.89,
8/17/2013,9:56:43,21.382227,-158.763214,-8.4,18072,116,0,387.61,
8/17/2013,9:59:47,21.386602,-158.761658,-3.05,30852,4,0,512.46,
8/17/2013,10:02:52,21.385468,-158.763138,35.09,42912,249,0,198.45,
8/17/2013,10:05:52,21.381514,-158.76413,1.87,34488,359,0,451.5,1
8/17/2013,10:08:52,21.383383,-158.760147,43.59,26028,72,0,461.81,1
8/17/2013,10:11:52,21.386635,-158.75705,2.31,15660,80,0,483.3,1
8/17/2013,10:14:52,21.386831,-158.756149,50.5,1692,64,0,95.8,1
8/17/2013,10:17:54,21.387058,-158.755997,14.41,0,206,0,29.75,
8/17/2013,10:20:56,21.387064,-158.755676,12.44,0,169,0,33.24,
8/17/2013,10:23:59,21.387138,-158.754898,6.38,30528,141,0,80.97,1
8/17/2013,10:26:59,21.390261,-158.753845,-6.03,16308,91,0,363.97,1
8/17/2013,10:29:58,21.389139,-158.764328,-51.31,13932,225,0,1092.51,1
8/17/2013,10:32:59,21.389809,-158.776352,-18.39,39312,334,0,1247.15,1
8/17/2013,10:36:01,21.403042,-158.782623,2.37,42804,324,0,1608.31,1
8/17/2013,10:39:02,21.404232,-158.775177,11.62,18576,179,0,782.13,1
8/17/2013,10:42:03,21.405165,-158.765137,10.99,32832,1,0,1044.56,1
8/17/2013,10:45:03,21.410561,-158.757019,9.85,34848,46,0,1032.61,1
8/17/2013,10:48:03,21.404564,-158.746292,24.49,16308,109,0,1295.33,1
8/17/2013,10:51:03,21.402927,-158.744995,9.51,40932,231,0,226.19,1
8/17/2013,10:54:03,21.395912,-158.749329,12.96,26892,190,0,899.88,1
8/17/2013,10:57:03,21.386938,-158.745651,17.95,29016,147,0,1068.05,1
8/17/2013,11:00:06,21.376112,-158.74884,-8.98,33984,202,0,1248.26,1
8/17/2013,11:03:27,21.362892,-158.758118,65.37,47916,244,0,1756.11,1
8/17/2013,11:06:30,21.357733,-158.772415,18.25,24804,166,0,1587.8,1
8/17/2013,11:09:33,21.357687,-158.776642,-106.74,21384,42,0,437.77,1
8/17/2013,11:12:54,21.357502,-158.780853,21.95,27252,37,0,436.57,1
8/17/2013,11:16:15,21.357157,-158.788101,21.93,33408,271,0,751.57,1
8/17/2013,11:19:48,21.357128,-158.791336,21.92,3240,247,0,335.03,1
8/17/2013,11:23:52,21.35421,-158.798019,21.7,38700,306,0,764.38,1
8/17/2013,11:28:30,21.357695,-158.80101,21.5,28800,140,0,496.1,1
8/17/2013,11:33:31,21.360823,-158.795303,21.78,32940,26,0,685.76,1
8/17/2013,11:38:33,21.362465,-158.789169,21.21,2268,298,0,660.93,1
8/17/2013,11:43:55,21.359732,-158.789658,21.56,36756,209,0,308.09,1
8/17/2013,11:49:28,21.367146,-158.789551,21.63,33084,181,0,824.47,1
8/17/2013,11:54:51,21.358797,-158.788467,21.9,34488,247,0,935.13,1
8/17/2013,12:01:26,21.363251,-158.79454,21.85,30780,197,0,800.5,1
8/17/2013,12:09:21,21.368111,-158.801025,21.61,40968,226,0,861.98,1
8/17/2013,12:17:51,21.363033,-158.810883,22.04,34236,76,0,1166.58,1
8/17/2013,12:25:27,21.362917,-158.807358,21.64,31248,112,0,365.26,1
8/17/2013,12:33:16,21.364292,-158.807297,21.95,26496,102,0,153.02,1
8/17/2013,12:40:33,21.36631,-158.811157,22.28,28980,234,0,458.39,1
8/17/2013,12:48:09,21.374363,-158.81398,22.74,34344,184,0,941.96,1
8/17/2013,12:56:05,21.372538,-158.811417,22.76,37764,113,0,334.09,1
8/17/2013,13:04:57,21.374399,-158.808868,22.24,42552,160,0,335.39,1
8/17/2013,13:13:10,21.375023,-158.811218,22.71,34884,306,0,253.03,1
8/17/2013,13:21:27,21.376348,-158.810013,22.82,33192,323,0,193.07,1
8/17/2013,13:29:27,21.369759,-158.827301,22.62,54576,162,0,1934.26,1
8/17/2013,13:37:27,21.366005,-158.820862,23.1,28044,346,0,786.65,1
8/17/2013,13:45:28,21.370348,-158.801239,23.52,37944,123,0,2088.58,1
8/17/2013,13:53:57,21.369671,-158.800827,2.65,1224,312,0,86.53,1
8/17/2013,14:02:41,21.369823,-158.79718,-27.44,13356,109,0,378.03,1
8/17/2013,14:05:45,21.367783,-158.795441,65.56,0,15,0,289.62,1
8/17/2013,14:08:49,21.371269,-158.796707,-7.1,21852,27,0,409.19,
8/17/2013,14:11:55,21.368433,-158.794373,3.74,40140,302,0,397.31,1
8/17/2013,14:14:59,21.370649,-158.791779,1.47,13104,92,0,364.51,1
8/17/2013,14:18:04,21.369497,-158.794678,-143.7,51768,268,0,326.38,1
8/17/2013,14:21:10,21.36405,-158.793564,14.42,20628,111,0,616.57,1
8/17/2013,14:24:14,21.365177,-158.793549,7.91,48204,256,0,125.33,1
8/17/2013,14:27:18,21.362602,-158.792145,-132.19,17208,130,0,321.13,1
8/17/2013,14:30:22,21.363543,-158.784515,31.45,11556,322,0,797.02,1
8/17/2013,14:33:27,21.362494,-158.785904,10.71,21096,342,0,185.19,1
8/17/2013,14:36:33,21.363789,-158.783936,7.85,23292,129,0,249.54,1
8/17/2013,14:39:39,21.364687,-158.780579,14.33,36252,161,0,361.69,1
8/17/2013,14:42:45,21.364647,-158.783569,4.52,48780,176,0,309.66,1
8/17/2013,14:45:50,21.362564,-158.778564,15.77,23220,89,0,567.69,1
8/17/2013,14:48:58,21.366161,-158.779282,14,48528,304,0,406.82,1
8/17/2013,14:52:03,21.366077,-158.77861,23.17,0,339,0,70.21,1
8/17/2013,14:55:09,21.363052,-158.782471,-5.42,37692,350,0,522.49,
8/17/2013,14:58:16,21.361885,-158.779449,9.46,28512,359,0,338.78,1
8/17/2013,15:01:22,21.360292,-158.778748,13.27,44172,193,0,191.43,1
8/17/2013,15:04:23,21.360113,-158.782776,18.36,24408,61,0,417.6,1
8/17/2013,15:07:24,21.359375,-158.78064,12.94,28764,9,0,235.93,1
8/17/2013,15:10:27,21.359114,-158.780045,20.93,15300,29,0,68.11,1
8/17/2013,15:13:28,21.357204,-158.782333,10.19,29160,349,0,318.19,
8/17/2013,15:16:30,21.357153,-158.781143,9.66,21240,126,0,123.37,
8/17/2013,15:19:31,21.359436,-158.781158,33,0,233,0,253.86,
8/17/2013,15:22:32,21.359921,-158.780838,29.42,0,48,0,63.3,
8/17/2013,15:25:32,21.359259,-158.782028,36.49,6588,113,0,143.54,1
8/17/2013,15:28:34,21.354752,-158.780548,11.55,27756,170,0,524.07,1
8/17/2013,15:31:35,21.357258,-158.786041,21.15,15660,10,0,633.44,1
8/17/2013,15:34:37,21.360458,-158.785797,15.66,25668,28,0,356.72,1
8/17/2013,15:37:57,21.36051,-158.783997,5.26,29736,108,0,186.49,1
8/17/2013,15:41:18,21.356882,-158.783722,5.21,49464,192,0,404.42,1
8/17/2013,15:44:26,21.361116,-158.785904,1.61,33660,336,0,522.22,1
8/17/2013,15:47:32,21.356985,-158.78096,-8.05,51228,161,0,687.85,1
8/17/2013,15:50:53,21.359764,-158.780884,5.67,30708,353,0,309.11,1
8/17/2013,15:54:24,21.359301,-158.77919,5.79,36576,138,0,182.82,1
8/17/2013,15:58:35,21.359777,-158.781311,5.69,29736,334,0,225.93,1
8/17/2013,15:58:37,22.179874,-159.063065,6.8,80964,320,0,95719.6,
8/17/2013,16:10:11,21.3598,-158.788177,6.29,62820,274,0,95504.03,1
8/17/2013,16:26:35,21.36055,-158.785599,16.86,31284,294,0,279.69,1
8/17/2013,16:46:31,21.358095,-158.781769,7.11,21600,146,0,481.49,
8/17/2013,17:00:44,21.358723,-158.782898,10.65,7308,151,0,136.18,
8/17/2013,17:03:49,21.35746,-158.778748,21.76,41436,103,0,452.13,
8/17/2013,17:06:55,21.361101,-158.778748,7.54,0,18,0,404.86,
8/17/2013,17:10:06,21.360701,-158.782486,16.24,0,18,0,389.64,
8/17/2013,17:13:16,21.35981,-158.781754,16.72,25416,349,0,124.75,1
8/17/2013,17:16:24,21.366497,-158.779465,15.21,29232,169,0,780.43,1
8/17/2013,17:19:32,21.368229,-158.776291,25.27,22320,92,0,380.94,1
8/17/2013,17:22:39,21.36566,-158.774536,20.4,29484,181,0,338.57,1
8/17/2013,17:25:48,21.364408,-158.775513,7.69,29340,356,0,172.1,1
8/17/2013,17:29:00,21.362207,-158.77565,10.25,20628,16,0,245.15,1
8/17/2013,17:32:09,21.363224,-158.772324,11.88,21708,31,0,362.51,1
8/17/2013,17:35:18,21.362783,-158.771454,12.5,19152,357,0,102.57,1
8/17/2013,17:38:38,21.362646,-158.772156,16.79,17964,48,0,74.27,1
8/17/2013,17:41:47,21.362057,-158.771042,5.94,29952,333,0,132.66,1
8/17/2013,17:44:56,21.359869,-158.772354,6.65,35136,331,0,278.66,1
8/17/2013,17:48:05,21.35784,-158.776199,-1.73,27612,316,0,457.66,1
8/17/2013,17:51:21,21.361181,-158.776245,10.66,8712,231,0,371.53,1
8/17/2013,17:54:38,21.359928,-158.775894,7.68,8820,90,0,143.99,1
8/17/2013,17:58:37,21.36425,-158.77298,6.55,59112,155,0,567.47,1
8/17/2013,18:03:37,21.36183,-158.768036,3.17,33408,163,0,578.38,1
8/17/2013,18:09:12,21.360739,-158.765961,-0.5,31140,162,0,246.76,1
8/17/2013,18:15:52,21.361034,-158.768112,-20.85,26208,114,0,225.15,1
8/17/2013,18:27:47,21.362764,-158.758408,-27.63,3204,24,0,1023.15,1
8/17/2013,18:43:27,21.358494,-158.753433,-13.54,47304,192,0,700.62,1
8/17/2013,18:57:26,21.358307,-158.744293,-12.24,27540,10,0,946.75,1
8/17/2013,19:00:31,21.360691,-158.744278,54.36,16308,326,0,265.09,1
8/17/2013,19:03:31,21.360411,-158.742462,2,36504,129,0,190.62,1
8/17/2013,19:06:31,21.360353,-158.740555,-5.72,16704,23,0,197.59,1
8/17/2013,19:09:35,21.359362,-158.740555,-2.8,35928,130,0,110.19,1
8/17/2013,19:12:38,21.358747,-158.737961,-2.14,41220,282,0,277.2,1
8/17/2013,19:15:42,21.362911,-158.739273,0.99,22536,339,0,482.54,1
8/17/2013,19:18:41,21.360332,-158.733337,98.74,21852,312,0,678.31,1
8/17/2013,19:21:40,21.365742,-158.736252,-6.87,5688,23,0,673.05,1
8/17/2013,19:24:39,21.361841,-158.73233,1.32,11484,27,0,594.23,1
8/17/2013,19:27:38,21.352016,-158.725754,18.7,17100,113,0,1287.36,1
8/17/2013,19:30:37,21.344732,-158.720505,-9.79,8892,47,0,975.46,1
8/17/2013,19:33:38,21.337397,-158.715057,-8.55,13860,120,0,991.77,1
8/17/2013,19:36:41,21.333576,-158.712372,-4.63,16740,340,0,507.8,1
8/17/2013,19:39:42,21.328236,-158.709869,-11.19,38628,181,0,647.91,1
8/17/2013,19:42:45,21.315924,-158.706375,-6.63,38952,181,0,1416.06,1
8/17/2013,19:45:47,21.306181,-158.701721,5.89,20628,135,0,1185.8,1
8/17/2013,19:48:48,21.298292,-158.696869,18.55,15768,183,0,1011.03,1
8/17/2013,19:51:50,21.297081,-158.69342,-0.88,18720,44,0,381.85,1
8/17/2013,19:55:36,21.297634,-158.690155,237.13,23220,344,0,343.8,1
8/17/2013,19:59:33,21.295261,-158.685898,67.23,19080,9,0,513.94,1
8/17/2013,20:04:37,21.296926,-158.683243,66.85,29412,325,0,331.57,1
8/17/2013,20:07:50,21.29995,-158.682205,3.56,18468,190,0,353.03,1
8/17/2013,20:11:03,21.302675,-158.681564,19.1,22716,347,0,310.2,1
8/17/2013,20:14:16,21.306713,-158.682053,7.26,24372,352,0,451.85,1
8/17/2013,20:17:30,21.312458,-158.681732,0.9,16344,63,0,639.68,1
8/17/2013,20:20:43,21.315062,-158.680008,5.32,15264,153,0,340.2,1
8/17/2013,20:23:57,21.318432,-158.679611,0.38,23544,343,0,376.98,1
8/17/2013,20:27:13,21.324375,-158.678986,12.45,27864,138,0,664,1
8/17/2013,20:30:27,21.328726,-158.675659,153.66,15732,31,0,593.99,1
8/17/2013,20:33:41,21.333248,-158.675369,59.51,18144,47,0,503.72,1
8/17/2013,20:36:54,21.337559,-158.677689,-4.58,9864,325,0,536.22,1
8/17/2013,20:40:07,21.340548,-158.677551,-18.33,28548,340,0,332.67,1
8/17/2013,20:43:20,21.342178,-158.678543,-3.75,38988,318,0,208.34,1
8/17/2013,20:46:33,21.34675,-158.679947,-55.26,27540,315,0,528.77,1
8/17/2013,20:49:46,21.350252,-158.678833,-83.73,14040,36,0,406.14,1
8/17/2013,20:52:59,21.356091,-158.680176,-59.38,22248,325,0,664,1
8/17/2013,20:56:12,21.359766,-158.682007,-37.6,11052,33,0,450.49,1
8/17/2013,20:59:25,21.36451,-158.685043,-32.76,30168,324,0,614.09,1
8/17/2013,21:02:36,21.368019,-158.684982,2.85,18108,93,0,390.23,1
8/17/2013,21:05:36,21.371561,-158.686142,26.9,31968,293,0,411.76,1
8/17/2013,21:08:36,21.375326,-158.685883,2.2,6192,27,0,419.51,1
8/17/2013,21:11:36,21.380476,-158.686996,26.67,26856,327,0,584.14,1
8/17/2013,21:14:35,21.382456,-158.687622,66.67,12960,162,0,229.51,1
8/17/2013,21:17:34,21.388435,-158.69014,29.04,15588,110,0,714.13,1
8/17/2013,21:20:33,21.390724,-158.68956,-9.83,33372,303,0,261.51,1
8/17/2013,21:23:32,21.395365,-158.691681,-8.08,28908,118,0,560.83,1
8/17/2013,21:26:31,21.396776,-158.692551,42.35,13572,34,0,180.91,1
8/17/2013,21:29:30,21.401199,-158.693344,5.4,19656,28,0,498.62,1
8/17/2013,21:32:29,21.40427,-158.691757,16.81,13032,358,0,378.95,1
8/17/2013,21:35:31,21.407501,-158.691193,104.77,23328,324,0,363.98,1
8/17/2013,21:38:30,21.413448,-158.694382,-151.84,10116,323,0,739.1,1
8/17/2013,21:41:30,21.416122,-158.692001,-20.88,12024,322,0,386.21,1
8/17/2013,21:44:30,21.415785,-158.691162,72.23,13860,336,0,94.59,1
8/17/2013,21:47:29,21.422976,-158.693954,-42.58,0,358,0,850.23,
8/17/2013,21:50:29,21.42614,-158.697083,145.77,20160,325,0,478.21,1
8/17/2013,21:53:30,21.431076,-158.698837,-18.16,26460,341,0,578.11,1
8/17/2013,21:56:33,21.433569,-158.700363,-27.35,21024,348,0,319.05,1
8/17/2013,22:00:05,21.436102,-158.703186,7.32,30564,359,0,405.84,1
8/17/2013,22:04:27,21.44257,-158.706131,18.16,15408,137,0,781.13,1
8/17/2013,22:10:43,21.456161,-158.715179,14.14,16236,340,0,1777.85,1
8/17/2013,22:13:42,21.461187,-158.718842,29.72,36972,278,0,675.3,1
8/17/2013,22:16:41,21.466755,-158.722107,-22.93,13572,82,0,705.33,1
8/17/2013,22:19:40,21.472576,-158.727066,4.67,32688,331,0,826,1
8/17/2013,22:22:38,21.478733,-158.730835,63.75,47088,323,0,787.92,1
8/17/2013,22:25:36,21.487772,-158.736328,3.48,10080,310,0,1154.66,1
8/17/2013,22:28:34,21.493776,-158.739502,11.24,15660,124,0,744.01,1
8/17/2013,22:31:32,21.498932,-158.744339,-92.33,47808,190,0,761.01,1
8/17/2013,22:34:30,21.500896,-158.74498,53.62,16704,128,0,228.23,1
8/17/2013,22:37:28,21.507097,-158.749588,140.98,23364,348,0,838.27,1
8/17/2013,22:40:26,21.509245,-158.751175,18.35,7704,73,0,289.83,1
8/17/2013,22:43:24,21.50614,-158.750046,21.25,15300,83,0,364.48,1
8/17/2013,22:46:22,21.510515,-158.752716,-10.8,31140,178,0,559.42,1
8/17/2013,22:49:21,21.513441,-158.754608,23.27,18432,359,0,379.69,1
8/17/2013,22:52:19,21.511213,-158.754898,23.99,32652,350,0,249.55,1
8/17/2013,22:55:17,21.510181,-158.754959,23.02,13752,340,0,114.93,1
8/17/2013,22:58:15,21.50588,-158.755493,13.88,37656,314,0,481.43,1
8/17/2013,23:01:19,21.503736,-158.755676,14.28,20124,131,0,239.15,1
8/17/2013,23:04:22,21.505091,-158.75563,30.14,10584,44,0,150.74,1
8/17/2013,23:07:25,21.508987,-158.758499,24.31,9216,91,0,525.14,1
8/17/2013,23:10:28,21.513889,-158.76178,17.13,20916,357,0,642.12,1
8/17/2013,23:13:31,21.520245,-158.766006,15.05,10440,35,0,831.03,1
8/17/2013,23:16:34,21.521402,-158.766052,10.68,25272,334,0,128.74,1
8/17/2013,23:19:37,21.519594,-158.765228,11.66,21312,119,0,218.36,1
8/17/2013,23:22:40,21.520252,-158.766251,21.78,22248,331,0,128.65,1
8/17/2013,23:25:43,21.521284,-158.767746,20.45,20052,346,0,192.57,1
8/17/2013,23:28:46,21.52532,-158.769897,-10.25,10548,87,0,500.91,1
8/17/2013,23:31:49,21.525885,-158.7715,14.42,41616,315,0,177.32,1
8/17/2013,23:34:52,21.532324,-158.778214,3.9,1908,61,0,997.46,1
8/17/2013,23:37:55,21.537291,-158.782166,8.4,29052,299,0,687.12,1
8/17/2013,23:40:59,21.541132,-158.784729,7.51,540,212,0,502.68,1
8/17/2013,23:44:02,21.545834,-158.788757,18.11,8136,180,0,668.52,1
8/17/2013,23:47:05,21.551613,-158.792603,-120.37,25308,359,0,755.74,1
8/17/2013,23:50:08,21.556393,-158.794815,18.22,35316,340,0,578.65,1
8/17/2013,23:53:12,21.561953,-158.797836,1.27,20700,318,0,692.7,1
8/17/2013,23:56:15,21.569429,-158.801987,142.39,14724,47,0,935.58,1
8/17/2013,23:59:18,21.57375,-158.805984,8.87,37296,314,-4,633.79,1
8/18/2013,0:02:23,21.580019,-158.809723,-33.94,46332,194,-2,0,1
8/18/2013,0:05:26,21.584898,-158.81337,-2.02,50472,305,0,660.7,1
8/18/2013,0:08:30,21.590351,-158.816101,-8.27,44712,320,0,668.87,1
8/18/2013,0:11:33,21.594152,-158.817581,-13.3,13608,70,0,449.5,1
8/18/2013,0:14:37,21.599531,-158.819473,20.4,20196,328,0,629.29,1
8/18/2013,0:17:40,21.600443,-158.819763,20.67,33948,334,0,105.75,1
8/18/2013,0:20:43,21.602917,-158.820496,15.56,31824,140,0,285.34,1
8/18/2013,0:23:46,21.609295,-158.824951,-26,32832,321,0,845.63,1
8/18/2013,0:26:49,21.618349,-158.831848,-131.59,33516,334,0,1233.66,1
8/18/2013,0:29:52,21.626999,-158.836044,-2.04,15372,351,0,1055.11,1
8/18/2013,0:32:56,21.632454,-158.83902,0.48,11340,18,0,680.11,1
8/18/2013,0:36:00,21.640345,-158.84288,-7.78,23292,334,0,963.89,1
8/18/2013,0:39:04,21.644323,-158.84491,-4.54,38340,326,0,489.57,1
8/18/2013,0:42:07,21.650816,-158.846466,2.47,40644,321,0,739.68,1
8/18/2013,0:45:10,21.656094,-158.848282,5.76,27216,336,0,616.17,1
8/18/2013,0:48:13,21.659691,-158.848984,7.32,17136,95,0,406.49,1
8/18/2013,0:51:16,21.667398,-158.852768,12.4,36612,335,0,941.98,1
8/18/2013,0:54:19,21.672625,-158.850113,28.43,20952,340,0,642.72,1
8/18/2013,0:57:22,21.678347,-158.852036,25.97,33912,337,0,666.56,1
8/18/2013,1:00:28,21.67955,-158.849335,13.3,29988,346,0,309.5,1
8/18/2013,1:03:31,21.681829,-158.849045,16.25,11664,183,0,255.18,1
8/18/2013,1:06:34,21.684401,-158.849503,-2.99,16452,129,0,289.88,1
8/18/2013,1:09:37,21.688004,-158.850449,1.37,24984,343,0,412.39,1
8/18/2013,1:12:40,21.691952,-158.850525,16.79,19620,27,0,439.07,1
8/18/2013,1:15:43,21.692404,-158.84967,20.41,3996,28,0,101.64,1
8/18/2013,1:18:49,21.69199,-158.84906,6,4572,291,0,78.05,
8/18/2013,1:21:52,21.692516,-158.850174,12.67,30060,179,0,129.11,1
8/18/2013,1:24:55,21.685009,-158.849411,54.36,14220,105,0,838.45,1
8/18/2013,1:27:58,21.680201,-158.849411,11.53,22464,177,0,534.63,1
8/18/2013,1:31:02,21.677282,-158.848175,16.41,10080,117,0,348.8,1
8/18/2013,1:34:05,21.672014,-158.849167,-3.89,14292,179,0,594.68,1
8/18/2013,1:37:10,21.665926,-158.849167,10.27,38520,183,0,676.95,1
8/18/2013,1:40:13,21.662586,-158.847839,-3.55,17748,18,0,395.94,1
8/18/2013,1:43:18,21.659519,-158.847153,7.23,26676,158,0,348.33,1
8/18/2013,1:46:21,21.659227,-158.844101,15.26,13788,24,0,317.07,1
8/18/2013,1:49:26,21.654791,-158.844879,19.22,38736,205,0,499.77,1
8/18/2013,1:52:31,21.649757,-158.845245,-7.47,28224,300,0,561.03,1
8/18/2013,1:55:36,21.645086,-158.845276,9.09,25308,14,0,519.4,1
8/18/2013,1:58:40,21.641108,-158.845871,33.26,38484,184,0,446.59,1
8/18/2013,2:02:34,21.628357,-158.845978,3.38,35640,187,0,1417.89,1
8/18/2013,2:05:55,21.61952,-158.846008,-65.01,24300,147,0,982.63,1
8/18/2013,2:08:54,21.612951,-158.845642,48.21,18612,123,0,731.42,1
8/18/2013,2:11:53,21.607498,-158.845566,14.89,29628,129,0,606.4,1
8/18/2013,2:14:54,21.603977,-158.846268,29.95,14832,153,0,398.19,1
8/18/2013,2:17:53,21.599405,-158.847336,-20.23,39816,190,0,520.24,1
8/18/2013,2:20:53,21.600334,-158.848129,-35.06,30492,340,0,131.88,1
8/18/2013,2:23:53,21.595198,-158.848129,-132.66,23292,170,0,571.1,1
8/18/2013,2:26:52,21.590145,-158.848373,-249.91,14688,138,0,562.43,1
8/18/2013,2:29:51,21.590532,-158.84935,-126.64,17784,343,0,109.8,1
8/18/2013,2:32:50,21.586168,-158.847534,-218.02,26964,23,0,520.32,1
8/18/2013,2:35:49,21.586157,-158.84671,-269.44,24516,210,0,85.21,1
8/18/2013,2:38:48,21.581255,-158.844116,-195.17,13896,37,0,607.49,
8/18/2013,2:41:47,21.581091,-158.844406,-153.67,28008,178,0,35.1,
8/18/2013,2:44:47,21.582079,-158.843231,-166.07,22428,131,0,163.8,1
8/18/2013,2:47:46,21.577808,-158.841522,-162.75,12528,182,0,506.72,1
8/18/2013,2:50:45,21.57604,-158.839783,63.34,0,112,0,266.43,1
8/18/2013,2:53:46,21.575729,-158.83931,251.92,9108,152,0,59.9,1
8/18/2013,2:56:44,21.577885,-158.841446,197.01,28044,350,0,325.97,1
8/18/2013,2:59:42,21.577242,-158.843063,23.68,19692,131,0,181.85,1
8/18/2013,3:02:44,21.57707,-158.844055,-238.71,5436,337,0,104.34,1
8/18/2013,3:05:47,21.576931,-158.841003,-107.22,22104,130,0,315.96,1
8/18/2013,3:08:51,21.576889,-158.839005,-133.09,22680,111,0,206.65,1
8/18/2013,3:11:55,21.575647,-158.835846,-174.22,21420,128,0,354.65,1
8/18/2013,3:14:58,21.576227,-158.834351,-60.45,7344,248,0,167.5,1
8/18/2013,3:18:01,21.575392,-158.830917,-29.78,25956,7,0,367.03,1
8/18/2013,3:21:05,21.579319,-158.830887,-24.74,25236,2,0,436.67,1
8/18/2013,3:24:09,21.575174,-158.83107,-298.3,23868,168,0,461.29,1
8/18/2013,3:27:14,21.57737,-158.829987,-357.71,15876,78,0,268.64,1
8/18/2013,3:30:17,21.579971,-158.829803,-433.31,15372,92,0,289.84,1
8/18/2013,3:33:20,21.578547,-158.827515,-386.4,5904,136,0,284.68,1
8/18/2013,3:36:23,21.580544,-158.826279,-317.72,11196,92,0,256.21,1
8/18/2013,3:39:31,21.585085,-158.828629,-437.36,0,305,0,560.36,1
8/18/2013,3:42:35,21.585217,-158.828827,-479.38,0,301,0,25.19,
8/18/2013,3:45:43,21.585392,-158.829132,-477.04,0,322,0,37.06,
8/18/2013,3:48:48,21.585581,-158.829147,-454.55,432,39,0,21.07,
8/18/2013,3:51:53,21.58556,-158.829071,-381.41,0,32,0,8.2,
8/18/2013,3:55:01,21.585388,-158.828827,-293.21,0,159,0,31.66,
8/18/2013,3:58:08,21.585482,-158.828979,-266.05,0,295,0,18.87,
8/18/2013,4:01:15,21.585844,-158.829651,-338.51,0,278,0,80.3,
8/18/2013,4:04:18,21.585875,-158.829712,-289,0,15,0,7.19,
8/18/2013,4:07:19,21.586161,-158.830215,-376.4,0,73,0,60.96,
8/18/2013,4:10:24,21.586063,-158.830124,-234.52,0,260,0,14.4,
8/18/2013,4:13:29,21.586178,-158.830414,-208.01,0,265,0,32.6,
8/18/2013,4:17:02,21.58555,-158.830032,3.32,1800,339,0,80.23,1
8/18/2013,4:20:01,21.585749,-158.830368,-3.88,1944,262,0,41.19,1
8/18/2013,4:23:00,21.586084,-158.830566,-3.62,3456,340,0,42.51,
8/18/2013,4:25:59,21.586372,-158.830765,-28.1,2808,291,0,38.06,1
8/18/2013,4:28:58,21.586647,-158.830643,-128.93,360,41,0,33.08,1
8/18/2013,4:31:56,21.586943,-158.831375,3.83,1404,176,0,82.53,1
8/18/2013,4:34:55,21.58712,-158.831573,-2.78,2880,317,0,28.4,1
8/18/2013,4:37:54,21.586891,-158.831772,-2.45,2052,230,0,32.74,
8/18/2013,4:40:53,21.587141,-158.831848,3.26,216,275,0,28.89,
8/18/2013,4:43:51,21.587193,-158.832092,-20.71,648,273,0,25.88,1
8/18/2013,4:46:50,21.587502,-158.832306,15.38,3384,288,0,40.87,1
8/18/2013,4:49:49,21.587673,-158.832413,-2.17,1080,315,0,22,
8/18/2013,4:52:48,21.587776,-158.832672,3.31,2268,28,0,29.13,
8/18/2013,4:55:47,21.58798,-158.832855,-0.6,4716,313,0,29.54,1
8/18/2013,4:58:44,21.588558,-158.832886,-6.13,1332,96,0,64.35,1
8/18/2013,5:01:55,21.588699,-158.83316,0.88,2664,258,0,32.38,
8/18/2013,5:05:08,21.588919,-158.833298,-1.42,1656,5,0,28.32,1
8/18/2013,5:08:21,21.588856,-158.83342,4.49,1368,317,0,14.43,1
8/18/2013,5:11:34,21.588985,-158.833755,67.11,2808,275,0,37.49,
8/18/2013,5:14:46,21.587885,-158.833984,91.45,10476,69,0,124.59,1
8/18/2013,5:17:58,21.586594,-158.833588,8.47,22464,119,0,149.28,1
8/18/2013,5:21:10,21.581432,-158.830429,10.54,15732,58,0,660.42,1
8/18/2013,5:24:21,21.578453,-158.829361,13.89,15300,139,0,349.17,1
8/18/2013,5:27:31,21.577723,-158.829956,38.19,5076,243,0,101.85,1
8/18/2013,5:30:43,21.57575,-158.827515,-1.89,19656,33,0,334.43,1
8/18/2013,5:33:54,21.575289,-158.82579,-43.42,16560,17,0,185.59,1
8/18/2013,5:37:06,21.571524,-158.823547,60.95,22140,46,0,478.6,1
8/18/2013,5:40:17,21.567888,-158.821274,-10.21,12744,38,0,467.66,1
8/18/2013,5:43:28,21.565432,-158.818314,-47.65,16164,345,0,410.21,1
8/18/2013,5:46:39,21.563965,-158.815536,-13.12,20736,16,0,330.36,1
8/18/2013,5:49:50,21.565359,-158.812744,-68.09,21276,83,0,327.7,1
8/18/2013,5:53:01,21.57291,-158.811386,50.28,11700,18,0,851.3,1
8/18/2013,5:56:12,21.57,-158.807602,7.38,22212,125,0,507.75,1
8/18/2013,5:59:23,21.562939,-158.802002,-27.85,34380,179,0,975.61,1
8/18/2013,6:02:32,21.555729,-158.796631,87.11,27108,42,0,975.33,1
8/18/2013,6:05:30,21.550941,-158.790085,16.16,24480,81,0,861.26,1
8/18/2013,6:08:28,21.543697,-158.783249,14.28,18180,197,0,1071.77,1
8/18/2013,6:11:26,21.534475,-158.776855,6.98,28512,164,0,1220.2,1
8/18/2013,6:14:24,21.52289,-158.772064,-4.14,31860,1,0,1380.23,1
8/18/2013,6:17:22,21.515896,-158.766006,54.8,28296,97,0,998.76,1
8/18/2013,6:20:20,21.511927,-158.760132,-3.94,32112,147,0,751.01,1
8/18/2013,6:23:18,21.509411,-158.752426,2.76,28908,22,0,844.85,1
8/18/2013,6:26:17,21.507862,-158.742722,-26.3,20124,200,0,1018.56,1
8/18/2013,6:29:15,21.504837,-158.734619,16.43,8424,121,0,903.25,1
8/18/2013,6:32:13,21.496761,-158.72728,7.02,26712,28,0,1175.97,1
8/18/2013,6:35:11,21.501001,-158.719955,83.85,7920,148,0,892.52,1
8/18/2013,6:38:09,21.507549,-158.71814,-25.63,15408,29,0,751.93,1
8/18/2013,6:41:06,21.513792,-158.716751,-20.19,6552,6,0,708.91,1
8/18/2013,6:44:06,21.508509,-158.725021,15.49,31140,193,0,1037.8,1
8/18/2013,6:47:05,21.496342,-158.718445,-30.78,3852,340,0,1514.33,1
8/18/2013,6:50:06,21.495867,-158.71907,-5.24,24588,313,0,83.49,1
8/18/2013,6:53:07,21.497164,-158.718124,-5.95,7488,129,0,174.29,1
8/18/2013,6:56:13,21.497362,-158.718246,-14.49,0,177,0,25.38,1
8/18/2013,6:59:17,21.497322,-158.718262,2.9,0,251,0,4.75,
8/18/2013,7:02:19,21.497629,-158.718552,-27.06,0,272,0,45.45,
8/18/2013,7:05:22,21.497768,-158.718613,-21.76,2808,308,0,16.69,
8/18/2013,7:08:22,21.497768,-158.718552,43.7,0,355,0,6.31,
8/18/2013,7:11:24,21.498022,-158.718811,-6.37,3312,140,0,38.93,1
8/18/2013,7:14:29,21.498152,-158.718704,13.35,0,303,0,18.21,1
8/18/2013,7:17:31,21.498508,-158.719009,-48.2,0,70,0,50.62,
8/18/2013,7:20:33,21.498558,-158.71846,27.43,0,120,0,57.07,
8/18/2013,7:23:36,21.498638,-158.719345,20.82,0,339,0,91.99,
8/18/2013,7:26:39,21.498562,-158.719833,40.99,0,39,0,51.19,
8/18/2013,7:29:44,21.498842,-158.719742,46.83,0,101,0,32.53,
8/18/2013,7:32:47,21.499231,-158.719681,19.33,0,305,0,43.71,
8/18/2013,7:35:53,21.499313,-158.719254,71.32,0,108,0,45.11,
8/18/2013,7:38:54,21.49929,-158.718094,50.9,18360,173,0,120.04,1
8/18/2013,7:41:53,21.501825,-158.718246,153.39,8388,208,0,282.32,1
8/18/2013,7:44:51,21.50215,-158.714371,-100.29,13176,61,0,402.52,1
8/18/2013,7:47:54,21.511038,-158.716232,-106.4,19980,347,0,1006.88,1
8/18/2013,7:50:58,21.5072,-158.715302,-97.25,43200,190,0,437.48,1
8/18/2013,7:53:57,21.503576,-158.712128,-96.57,12456,142,0,519.81,1
8/18/2013,7:57:09,21.503555,-158.711655,79.52,0,74,0,48.99,1
8/18/2013,8:04:17,21.503555,-158.711655,79.52,0,74,0,0,
8/18/2013,8:19:01,21.492088,-158.679993,18.65,28800,142,0,3515.14,1
8/18/2013,8:37:12,21.497309,-158.676819,22.61,0,129,0,666.99,
8/18/2013,8:50:40,21.509005,-158.669662,28.38,19620,156,0,1496.54,1
8/18/2013,9:02:03,21.506647,-158.672195,34.7,25740,154,0,370.7,1
8/18/2013,9:11:21,21.514431,-158.660599,34.59,2124,325,0,1479.26,
8/18/2013,9:20:33,21.506264,-158.667648,16.8,576,140,0,1164.67,1
8/18/2013,9:29:54,21.509354,-158.663727,1.17,0,317,0,531.6,1
8/18/2013,9:33:05,21.509466,-158.663712,-9.44,0,163,0,12.55,
8/18/2013,9:36:11,21.507708,-158.662048,-5.98,9288,151,0,260.47,1
8/18/2013,9:39:20,21.503971,-158.659988,-14.85,0,49,0,467,1
8/18/2013,9:42:27,21.506783,-158.658188,15.4,28296,357,0,363.93,1
8/18/2013,9:45:37,21.509237,-158.65683,7.17,0,29,0,306.91,1
8/18/2013,9:48:50,21.509394,-158.656631,-17.77,0,359,0,26.99,
8/18/2013,9:52:01,21.507551,-158.656616,-0.8,43848,182,0,204.94,1
8/18/2013,9:55:10,21.501547,-158.655807,13.17,20016,82,0,672.84,1
8/18/2013,9:58:15,21.503912,-158.656616,3.17,26712,88,0,275.97,1
8/18/2013,10:01:26,21.502361,-158.654984,10.15,29160,170,0,241.35,1
8/18/2013,10:04:35,21.50235,-158.654465,6.97,0,109,0,53.71,1
8/18/2013,10:07:44,21.504696,-158.651886,30.81,0,210,0,373.15,
8/18/2013,10:10:51,21.502581,-158.65416,-3.04,14328,53,0,332.65,
8/18/2013,10:13:58,21.5019,-158.654877,14.38,24048,57,0,106,1
8/18/2013,10:17:07,21.501955,-158.652649,13.39,32292,157,0,230.58,1
8/18/2013,10:20:21,21.500061,-158.652832,22.57,0,25,0,211.45,1
8/18/2013,10:23:43,21.500135,-158.652573,3.5,612,205,0,28.03,
8/18/2013,10:26:59,21.496483,-158.657608,-20.71,25668,321,0,660.5,
8/18/2013,10:30:13,21.499523,-158.660934,16.34,30456,171,0,482.36,
8/18/2013,10:33:30,21.501211,-158.656021,10.51,13932,47,0,541.84,
8/18/2013,10:37:03,21.503872,-158.655228,9.77,1656,66,0,307.05,
8/18/2013,10:40:42,21.503511,-158.654404,1.37,0,41,0,94.23,
8/18/2013,10:43:48,21.502029,-158.652512,-18.64,11448,139,0,255.87,1
8/18/2013,10:46:53,21.497656,-158.647278,29.63,1692,167,0,727.78,1
8/18/2013,10:50:00,21.497755,-158.646973,10.06,0,307,0,33.42,1
8/18/2013,10:53:06,21.499882,-158.655151,12.03,1188,60,0,878.52,
8/18/2013,10:56:12,21.499783,-158.654831,21.17,504,125,0,34.89,1
8/18/2013,10:59:17,21.503712,-158.661667,-7.77,2592,98,0,831.29,1
8/18/2013,11:02:23,21.504124,-158.655548,25.29,0,322,0,634.7,1
8/18/2013,11:05:26,21.504034,-158.655258,15.28,0,153,0,31.63,
8/18/2013,11:08:32,21.503942,-158.654831,10.15,0,328,0,45.34,
8/18/2013,11:11:38,21.503803,-158.654419,1.92,1440,128,0,45.34,1
8/18/2013,11:14:40,21.503675,-158.654037,5.15,1764,78,0,42,1
8/18/2013,11:17:45,21.503572,-158.653641,7.42,0,11,0,42.54,
8/18/2013,11:20:48,21.503384,-158.653534,51.12,0,144,0,23.65,
8/18/2013,11:23:54,21.503256,-158.653046,7.28,1188,142,0,52.45,1
8/18/2013,11:26:57,21.50157,-158.654053,8.03,27216,349,0,214.48,1
8/18/2013,11:30:00,21.499844,-158.65097,11.7,864,287,0,372.25,1
8/18/2013,11:33:05,21.499771,-158.650864,14.96,1836,88,0,13.64,1
8/18/2013,11:36:11,21.49963,-158.650574,9.05,2232,187,0,33.85,
8/18/2013,11:39:16,21.499674,-158.650299,7.36,0,96,0,28.87,
8/18/2013,11:42:23,21.499538,-158.650009,1.29,900,96,0,33.6,1
8/18/2013,11:45:30,21.499468,-158.649796,7.4,2124,125,0,23.37,1
8/18/2013,11:48:32,21.499367,-158.649109,-102,0,87,0,71.96,
8/18/2013,11:51:39,21.499239,-158.649353,6,1188,78,0,28.98,1
8/18/2013,11:54:45,21.499128,-158.6492,11.84,3600,106,0,20.07,1
8/18/2013,11:57:51,21.498177,-158.648682,13.7,972,148,0,118.55,1
8/18/2013,12:00:59,21.497986,-158.64856,0.29,4356,178,0,24.71,1
8/18/2013,12:04:08,21.497839,-158.648407,11.3,828,142,0,22.75,
8/18/2013,12:07:18,21.497629,-158.648224,8.83,2376,108,0,30.06,1
8/18/2013,12:10:28,21.497307,-158.648071,6.01,2628,232,0,39.15,1
8/18/2013,12:13:39,21.494444,-158.644348,9.47,2664,154,0,499.71,1
8/18/2013,12:16:49,21.494072,-158.644287,11.52,1692,111,0,41.84,1
8/18/2013,12:19:58,21.493616,-158.644058,8.51,2664,154,0,55.97,1
8/18/2013,12:23:07,21.493269,-158.644043,-1.4,1260,140,0,38.62,1
8/18/2013,12:26:16,21.493174,-158.64415,-6.25,1980,205,0,15.3,
8/18/2013,12:29:36,21.492535,-158.644302,-91.44,864,210,0,72.77,1
8/18/2013,12:32:47,21.492065,-158.644165,-38.04,0,197,0,54.15,1
8/18/2013,12:35:57,21.491665,-158.644043,16.34,0,183,0,46.23,
8/18/2013,12:39:09,21.491175,-158.644226,-49.24,0,201,0,57.68,
8/18/2013,12:42:22,21.490692,-158.644226,-56.08,0,78,0,53.71,
8/18/2013,12:45:35,21.491474,-158.64624,-1.12,51768,248,0,225.79,1
8/18/2013,12:48:45,21.490414,-158.645874,-7.07,21924,153,0,123.8,1
8/18/2013,12:51:55,21.488728,-158.644638,-3.23,23652,344,0,226.94,1
8/18/2013,12:55:05,21.488832,-158.643707,3.35,40068,170,0,97.02,1
8/18/2013,12:58:15,21.486729,-158.640961,15.97,21168,86,0,367.98,
8/18/2013,13:01:19,21.487131,-158.645081,25.21,17928,35,0,428.62,1
8/18/2013,13:04:23,21.490778,-158.653671,7.97,24048,333,0,976.92,1
8/18/2013,13:07:26,21.48757,-158.653641,-5.56,10584,136,0,356.73,1
8/18/2013,13:10:32,21.486879,-158.653244,11.2,7308,62,0,87.13,1
8/18/2013,13:13:35,21.485069,-158.651855,11.88,28548,139,0,247.31,
8/18/2013,13:16:36,21.486887,-158.655548,10.07,11520,306,0,432.29,1
8/18/2013,13:19:41,21.486687,-158.658676,23.03,0,224,0,324.41,1
8/18/2013,13:22:50,21.486288,-158.658966,13.39,0,140,0,53.56,
8/18/2013,13:25:56,21.485958,-158.659119,14.93,0,252,0,39.96,
8/18/2013,13:29:12,21.485533,-158.659241,12.15,0,312,0,48.91,
8/18/2013,13:32:21,21.485134,-158.659332,21.98,0,231,0,45.35,
8/18/2013,13:35:27,21.484858,-158.659363,10.28,0,301,0,30.86,
8/18/2013,13:38:31,21.485247,-158.659943,13.2,24768,331,0,73.98,1
8/18/2013,13:41:35,21.491941,-158.662155,11.89,21456,26,0,778.73,1
8/18/2013,13:44:39,21.49826,-158.663376,5.88,39744,310,0,713.91,1
8/18/2013,13:47:49,21.500618,-158.662064,10.81,30132,144,0,295.25,1
8/18/2013,13:50:59,21.498655,-158.662613,6.3,35568,201,0,225.54,1
8/18/2013,13:54:11,21.500587,-158.660995,3.41,11736,8,0,272.35,1
8/18/2013,13:57:57,21.504431,-158.659073,13.49,35028,25,0,471.42,1
8/18/2013,14:04:23,21.501501,-158.651566,5.41,35244,149,0,842.21,1
8/18/2013,14:14:29,21.503963,-158.641129,7.65,20556,22,0,1113.93,1
8/18/2013,14:17:38,21.50046,-158.640656,2.79,27864,120,0,392.58,1
8/18/2013,14:20:43,21.505995,-158.645798,7.6,25920,342,0,813.5,1
8/18/2013,14:23:48,21.50396,-158.643448,20.4,5508,169,0,332.13,1
8/18/2013,14:26:54,21.506191,-158.642303,4.8,15984,133,0,274.91,1
8/18/2013,14:30:00,21.505545,-158.638336,4.54,23400,34,0,416.64,1
8/18/2013,14:33:05,21.511168,-158.632553,42.39,34704,328,0,865.36,1
8/18/2013,14:36:10,21.514126,-158.625473,7.7,20556,126,0,802.88,1
8/18/2013,14:39:16,21.508192,-158.623917,-7.51,6840,349,0,679.18,1
8/18/2013,14:42:22,21.502789,-158.62558,24.88,41760,171,0,624.93,1
8/18/2013,14:45:27,21.496111,-158.625687,6.18,24624,342,0,742.64,1
8/18/2013,14:48:35,21.490362,-158.627975,11.14,44784,309,0,681.68,1
8/18/2013,14:51:45,21.483324,-158.630569,9.94,34200,170,0,827.33,1
8/18/2013,14:54:53,21.478666,-158.632645,13.49,39708,153,0,560.72,1
8/18/2013,14:58:00,21.472261,-158.632782,14.64,40752,161,0,712.34,1
8/18/2013,15:01:06,21.465637,-158.634262,12.5,23580,91,0,752.31,1
8/18/2013,15:06:59,21.457905,-158.626114,10.41,28440,175,0,1204.23,1
8/18/2013,15:16:17,21.446487,-158.61348,-3.45,0,0,0,1822.51,1
8/18/2013,15:19:22,21.438015,-158.603943,19.39,38880,153,0,1364.46,
8/18/2013,15:22:23,21.438702,-158.609573,-13.75,9576,18,0,587.7,
8/18/2013,15:25:23,21.439926,-158.614258,1.02,41616,352,0,503.64,
8/18/2013,15:28:24,21.446922,-158.613663,25.11,26820,56,0,780.35,1
8/18/2013,15:31:27,21.447813,-158.611008,22.5,0,341,0,292.1,1
8/18/2013,15:34:51,21.448141,-158.61142,14.72,1332,311,0,56.11,1
8/18/2013,15:39:52,21.448296,-158.611786,12.03,17100,348,0,41.62,1
8/18/2013,15:43:49,21.450298,-158.607101,8.99,9288,83,0,533.53,1
8/18/2013,15:46:52,21.452206,-158.6035,-1.26,28980,350,0,428.83,1
8/18/2013,15:49:56,21.455938,-158.601166,23.61,25236,4,0,480.16,1
8/18/2013,15:53:00,21.454947,-158.595856,14.33,0,135,0,560.47,1
8/18/2013,15:56:02,21.4557,-158.595016,10.38,55368,187,0,120.7,1
8/18/2013,15:59:04,21.458691,-158.594177,17.6,28692,345,0,343.73,1
8/18/2013,16:02:13,21.461523,-158.593353,8.65,22716,61,0,326.25,1
8/18/2013,16:05:30,21.466738,-158.592041,23.68,19908,59,0,595.56,1
8/18/2013,16:08:48,21.467623,-158.589798,13.25,108,68,0,252.11,1
8/18/2013,16:12:08,21.470423,-158.587021,5.66,27432,339,0,423.69,1
8/18/2013,16:15:24,21.471508,-158.583679,12.64,15120,8,0,366.27,1
8/18/2013,16:18:39,21.469997,-158.579437,21.5,24804,111,0,470.01,1
8/18/2013,16:21:53,21.472574,-158.577545,39.21,24732,184,0,347.05,1
8/18/2013,16:25:08,21.48391,-158.590698,18.15,42264,331,0,1855.03,1
8/18/2013,16:28:27,21.492146,-158.589844,25.65,18360,90,0,920.05,1
8/18/2013,16:31:45,21.495583,-158.58493,13.22,26316,324,0,636.04,1
8/18/2013,16:35:03,21.497921,-158.581802,25.19,20376,97,0,415.11,1
8/18/2013,16:38:17,21.496407,-158.576126,23.03,24120,50,0,610.89,1
8/18/2013,16:41:34,21.5033,-158.57637,21.31,17316,76,0,766.88,1
8/18/2013,16:44:53,21.503191,-158.574341,25.02,936,349,0,210.26,1
8/18/2013,16:48:11,21.504929,-158.573151,18.56,13824,34,0,229.14,1
8/18/2013,16:51:26,21.504454,-158.569061,27.87,30132,136,0,426.41,1
8/18/2013,16:54:42,21.500973,-158.562622,16.62,29016,16,0,770.44,1
8/18/2013,16:57:56,21.5026,-158.559647,9.45,14832,173,0,357.02,1
8/18/2013,17:01:14,21.503973,-158.55574,4.99,35424,344,0,432.07,1
8/18/2013,17:04:30,21.50716,-158.554031,18.67,32652,341,0,396.03,1
8/18/2013,17:07:48,21.506882,-158.550186,11.28,25344,153,0,398.98,1
8/18/2013,17:11:33,21.504868,-158.54361,12,576,114,0,716.22,1
8/18/2013,17:14:47,21.500061,-158.537735,-14.34,33732,180,0,809.4,1
8/18/2013,17:18:05,21.498489,-158.532837,5.68,23364,346,0,536.04,1
8/18/2013,17:21:19,21.498281,-158.52861,26.32,13032,353,0,437.93,1
8/18/2013,17:24:36,21.498453,-158.525864,20.53,22752,13,0,284.74,1
8/18/2013,17:27:50,21.49349,-158.519821,4.49,6480,57,0,833.93,1
8/18/2013,17:31:07,21.493654,-158.514542,13.37,16848,22,0,546.48,1
8/18/2013,17:34:23,21.493158,-158.509521,19.48,33552,141,0,522.4,1
8/18/2013,17:37:39,21.484184,-158.499939,20.62,39744,150,0,1406.64,1
8/18/2013,17:40:56,21.479731,-158.494003,14.72,36648,146,0,788.93,1
8/18/2013,17:45:10,21.474905,-158.486816,26.06,74196,183,0,917.06,1
8/18/2013,17:49:43,21.471338,-158.479401,55.72,9576,332,0,863.73,1
8/18/2013,17:53:06,21.468122,-158.474411,208.14,20016,89,0,628.1,1
8/18/2013,17:57:06,21.464703,-158.468781,237.88,23868,82,0,695.67,1
8/18/2013,18:04:35,21.455032,-158.452652,18.34,16848,54,0,1985.55,1
8/18/2013,18:15:15,21.455769,-158.436066,174.03,37836,134,0,1718.43,1
8/18/2013,18:18:24,21.459465,-158.435303,179.97,33408,312,0,418.49,1
8/18/2013,18:22:03,21.459181,-158.433792,12.42,612,325,0,159.53,1
8/18/2013,18:29:38,21.466497,-158.435898,-5.2,38844,320,0,842.19,1
8/18/2013,18:32:44,21.469355,-158.433456,4.58,3924,89,0,406.02,1
8/18/2013,18:35:50,21.472189,-158.432388,6.99,12096,18,0,333.94,1
8/18/2013,18:38:54,21.467743,-158.424408,-44.27,10512,48,0,962.44,1
8/18/2013,18:41:58,21.472252,-158.421036,44.25,25848,357,0,610.85,1
8/18/2013,18:45:04,21.472916,-158.416733,2.94,35928,330,0,451.34,1
8/18/2013,18:48:10,21.481413,-158.420319,8.14,20088,11,0,1015.07,1
8/18/2013,18:51:19,21.484707,-158.418564,8.95,36252,337,0,408.82,1
8/18/2013,18:54:25,21.489761,-158.418777,4.18,42984,318,0,562.41,1
8/18/2013,18:57:30,21.48979,-158.414185,-1.76,21708,118,0,475.12,1
8/18/2013,19:00:38,21.489933,-158.4086,3.06,35784,335,0,578.07,1
8/18/2013,19:03:39,21.489082,-158.401031,24.23,15156,78,0,788.82,1
8/18/2013,19:06:37,21.492378,-158.399673,136.36,11628,123,0,392.51,1
8/18/2013,19:09:37,21.488813,-158.39151,68.55,38376,109,0,932.98,1
8/18/2013,19:12:36,21.488876,-158.38559,128.86,17136,17,0,612.56,1
8/18/2013,19:15:40,21.495365,-158.383087,19.34,35388,117,0,766.61,1
8/18/2013,19:18:39,21.499039,-158.380096,-31.5,9000,317,0,512.5,1
8/18/2013,19:21:38,21.501549,-158.373199,45.8,25344,4,0,766.19,1
8/18/2013,19:24:36,21.504974,-158.366608,321.24,9864,39,0,781.02,1
8/18/2013,19:27:35,21.51066,-158.363678,154.15,12168,44,0,701.16,1
8/18/2013,19:30:34,21.515772,-158.359436,168.63,4284,233,0,718.11,1
8/18/2013,19:33:35,21.52191,-158.358536,36.15,43956,335,0,688.83,1
8/18/2013,19:36:34,21.527462,-158.357697,72.26,16452,340,0,623.42,1
8/18/2013,19:39:41,21.532309,-158.356476,30.7,79524,107,0,553.56,1
8/18/2013,19:42:40,21.534355,-158.354309,11.99,12492,31,0,319.37,1
8/18/2013,19:45:39,21.539169,-158.351028,27.44,11844,21,0,633.8,1
8/18/2013,19:48:44,21.544666,-158.349335,21.65,38664,100,0,635.83,1
8/18/2013,19:51:43,21.549614,-158.34552,3.27,8748,215,0,677.05,1
8/18/2013,19:55:02,21.551912,-158.33757,32.73,12816,105,0,860.99,1
8/18/2013,19:58:02,21.555233,-158.332855,12.24,18468,61,0,611.67,1
8/18/2013,20:01:03,21.556244,-158.326309,59.7,12024,8,0,686.24,1
8/18/2013,20:04:02,21.559568,-158.322983,20.92,14076,137,0,504.9,1
8/18/2013,20:07:00,21.559057,-158.316818,10.12,7056,152,0,640.08,1
8/18/2013,20:09:58,21.561989,-158.311508,5.34,14076,91,0,638.62,1
8/18/2013,20:12:56,21.564079,-158.30632,53.5,28980,107,0,584.68,1
8/18/2013,20:15:54,21.567749,-158.29837,53.91,21492,41,0,917.83,1
8/18/2013,20:18:52,21.568567,-158.288986,95.08,10764,193,0,974.65,1
8/18/2013,20:21:50,21.572206,-158.277954,48.39,19116,24,0,1210.43,1
8/18/2013,20:24:53,21.573872,-158.276398,35.81,72,186,0,245.37,1
8/18/2013,20:27:53,21.5739,-158.27623,32.81,1944,72,0,17.65,1
8/18/2013,20:30:57,21.573843,-158.276398,27.88,252,266,0,18.49,
8/18/2013,20:34:02,21.573938,-158.27655,47.02,2484,129,0,18.94,
8/18/2013,20:37:08,21.573927,-158.276703,-3.16,432,55,0,15.87,
8/18/2013,20:40:14,21.573793,-158.276337,21.26,612,158,0,40.67,
8/18/2013,20:43:21,21.573931,-158.276474,42.12,1548,139,0,20.88,
8/18/2013,20:46:27,21.57378,-158.276245,22.87,2484,306,0,29.03,
8/18/2013,20:49:36,21.573864,-158.27626,29.46,0,132,0,9.47,
8/18/2013,20:52:45,21.573736,-158.276276,31.6,0,80,0,14.33,
8/18/2013,20:55:56,21.57387,-158.276581,-59.07,3564,128,0,34.88,
8/18/2013,20:59:11,21.573772,-158.276474,-50.66,0,131,0,15.53,
8/18/2013,21:02:39,21.573982,-158.276627,26.27,3672,111,0,28.21,
8/18/2013,21:06:09,21.573965,-158.276718,0.51,6984,122,0,9.6,
8/18/2013,21:09:49,21.573683,-158.276398,-77.99,10152,109,0,45.59,
8/18/2013,21:13:11,21.573957,-158.276627,20.84,7596,299,0,38.59,
8/18/2013,21:16:40,21.573971,-158.276749,6.21,3204,134,0,12.71,
8/18/2013,21:20:26,21.573734,-158.276138,39.42,0,281,0,68.46,
8/18/2013,21:23:39,21.573895,-158.276367,45.77,0,118,0,29.69,
8/18/2013,21:27:01,21.573853,-158.276352,60.55,0,212,0,4.92,
8/18/2013,21:30:19,21.573853,-158.276474,44.08,5544,136,0,12.62,
8/18/2013,21:33:24,21.573862,-158.276306,76.13,4140,286,0,17.4,
8/18/2013,21:36:29,21.573919,-158.276489,46.39,0,285,0,19.96,
8/18/2013,21:39:35,21.573822,-158.276337,62.27,0,84,0,19.06,
8/18/2013,21:42:39,21.573866,-158.276459,51.03,0,290,0,13.53,
8/18/2013,21:45:42,21.573969,-158.276825,20.96,684,276,0,39.54,
8/18/2013,21:48:45,21.573797,-158.276047,94.17,0,240,0,82.69,
8/18/2013,21:51:48,21.573597,-158.276138,101.75,0,104,0,24.15,
8/18/2013,21:54:51,21.573807,-158.276138,103.68,0,125,0,23.35,
8/18/2013,21:58:08,21.573872,-158.275726,113.9,10620,284,0,43.21,
8/18/2013,22:02:35,21.57412,-158.276245,8.23,0,90,0,60.34,
8/18/2013,22:08:03,21.57408,-158.276398,36.84,0,87,0,16.43,
8/18/2013,22:11:06,21.57373,-158.276688,163.01,0,88,0,49.13,
8/18/2013,22:14:09,21.574064,-158.276382,32.18,0,94,0,48.79,
8/18/2013,22:17:16,21.574089,-158.276733,87.22,0,54,0,36.4,
8/18/2013,22:20:19,21.574112,-158.276321,21.06,0,81,0,42.68,
8/18/2013,22:23:25,21.57403,-158.276367,31.55,0,66,0,10.28,
8/18/2013,22:26:31,21.573978,-158.276352,42.77,0,150,0,5.99,
8/18/2013,22:29:39,21.574024,-158.276367,43.52,0,57,0,5.34,
8/18/2013,22:32:46,21.574068,-158.276337,14.92,180,126,0,5.79,
8/18/2013,22:35:53,21.57406,-158.276337,26.41,0,163,0,0.89,
8/18/2013,22:39:01,21.574186,-158.276321,-1.93,0,58,0,14.11,
8/18/2013,22:42:34,21.574102,-158.276306,22.59,288,137,0,9.47,
8/18/2013,22:45:47,21.574055,-158.27626,31.36,288,348,0,7.07,
8/18/2013,22:48:49,21.574114,-158.276367,37.47,216,161,0,12.86,
8/18/2013,22:51:56,21.574106,-158.276291,35.21,108,138,0,7.91,
8/18/2013,22:55:16,21.574188,-158.276459,32.6,7272,289,0,19.62,
8/18/2013,22:58:20,21.57416,-158.276657,74.49,504,291,0,20.71,
8/18/2013,23:01:22,21.573833,-158.276123,58.78,180,133,0,66.11,
8/18/2013,23:04:20,21.574093,-158.276443,61.03,144,176,0,43.94,
8/18/2013,23:07:20,21.574068,-158.276276,30.51,0,93,0,17.49,
8/18/2013,23:10:21,21.574083,-158.276352,11.61,0,122,0,8.03,
8/18/2013,23:13:22,21.574516,-158.275528,7.51,4644,67,0,97.87,1
8/18/2013,23:16:21,21.574991,-158.27388,15.22,3996,79,0,178.41,1
8/18/2013,23:19:20,21.575602,-158.272842,156.92,5328,87,0,127.03,1
8/18/2013,23:22:18,21.575809,-158.27063,32.83,0,225,0,229.88,1
8/18/2013,23:25:16,21.575644,-158.270538,28.59,576,213,0,20.67,
8/18/2013,23:28:15,21.575953,-158.26796,10.47,10296,84,0,268.78,1
8/18/2013,23:31:14,21.576576,-158.264053,18.79,6804,103,0,409.89,1
8/18/2013,23:34:13,21.576939,-158.260284,11.96,6480,90,0,391.81,1
8/18/2013,23:37:12,21.574896,-158.257706,600.68,8712,76,0,350.24,1
8/18/2013,23:40:10,21.578146,-158.251358,37.03,11916,97,0,749.31,1
8/18/2013,23:43:10,21.57789,-158.247269,25.76,11484,80,0,423.77,1
8/18/2013,23:46:11,21.578348,-158.242996,20.05,7632,84,0,444.76,1
8/18/2013,23:49:13,21.57872,-158.239273,8.01,8424,83,0,387.18,1
8/18/2013,23:52:13,21.577946,-158.223511,24.12,57852,96,0,1632.09,1
8/18/2013,23:55:11,21.58107,-158.189362,-28.54,83700,89,0,3548.09,1
8/18/2013,23:58:12,21.573751,-158.152908,13.11,77400,105,-4,3856.29,1
8/19/2013,0:01:12,21.564034,-158.117844,16.22,86364,116,-2,0,1
8/19/2013,0:04:14,21.542744,-158.096298,175.63,74448,138,0,3251.08,1
8/19/2013,0:07:15,21.521357,-158.071945,293.56,81504,134,0,3464.19,1
8/19/2013,0:10:13,21.494152,-158.049225,98.92,35640,129,0,3830.86,1
8/19/2013,0:13:14,21.474264,-158.015213,224.07,111204,111,0,4156.34,1
8/19/2013,0:16:13,21.439224,-157.994797,184.76,114660,189,0,4432.26,1
8/19/2013,0:19:10,21.395027,-157.982895,-58.46,104796,115,0,5066.57,1
8/19/2013,0:22:08,21.384636,-157.932983,68.18,12636,86,0,5295.28,1
8/19/2013,0:25:07,21.373085,-157.918045,36.12,40716,101,0,2010.5,1
8/19/2013,0:28:05,21.373096,-157.917862,24.42,0,141,0,18.99,1
8/19/2013,0:31:04,21.359646,-157.899582,29.39,64836,168,0,2412.46,1
8/19/2013,0:34:05,21.327204,-157.868088,22.44,107532,146,0,4863.39,1
8/19/2013,0:37:06,21.300865,-157.834183,51.96,22608,122,0,4573.1,1
8/19/2013,0:40:04,21.30895,-157.819885,122.79,45720,57,0,1732.69,1
8/19/2013,0:43:06,21.316471,-157.811676,73.18,0,276,0,1192.7,1
8/19/2013,0:46:16,21.316645,-157.811417,135.93,0,275,0,33.08,
8/19/2013,0:49:22,21.316801,-157.811676,0.47,0,235,0,31.95,
8/19/2013,0:53:08,21.316645,-157.811676,46.81,0,232,0,17.35,
8/19/2013,0:56:53,21.316542,-157.811569,274.6,0,2,0,15.94,
8/19/2013,0:59:58,21.316603,-157.811523,135.8,0,166,0,8.29,
8/19/2013,1:03:09,21.316298,-157.81163,306.14,2196,352,0,35.68,
8/19/2013,1:06:25,21.316713,-157.811584,81.51,4644,359,0,46.39,
8/19/2013,1:09:36,21.31661,-157.811539,91.38,0,258,0,12.37,
8/19/2013,1:12:43,21.316591,-157.811523,65.22,900,184,0,2.69,
8/19/2013,1:15:53,21.316633,-157.811508,116.74,0,232,0,4.92,
8/19/2013,1:19:01,21.316599,-157.811508,100.72,576,206,0,3.78,
8/19/2013,1:22:08,21.316666,-157.81131,104.66,936,143,0,21.82,
8/19/2013,1:25:31,21.316742,-157.811295,47.54,1116,83,0,8.59,
8/19/2013,1:28:51,21.316629,-157.8116,82.39,12600,229,0,34,
8/19/2013,1:32:33,21.316582,-157.811676,63.09,1944,55,0,9.45,
8/19/2013,1:36:35,21.316654,-157.811462,119.67,468,88,0,23.57,
8/19/2013,1:39:48,21.316624,-157.811478,108.27,2232,15,0,3.72,
8/19/2013,1:42:58,21.316637,-157.811523,117.13,0,317,0,4.88,
8/19/2013,1:46:06,21.316505,-157.811447,142.15,2412,159,0,16.66,
8/19/2013,1:49:24,21.316498,-157.811584,56.51,3924,218,0,14.21,
8/19/2013,1:52:35,21.316494,-157.811523,121.9,324,124,0,6.33,
8/19/2013,1:56:29,21.316271,-157.81189,68.23,11052,41,0,45.39,
8/19/2013,2:01:39,21.316542,-157.81163,97.83,1080,209,0,40.42,
8/19/2013,2:07:35,21.316557,-157.811569,95.6,288,188,0,6.54,
8/19/2013,2:13:05,21.316525,-157.811707,95.97,108,212,0,14.73,
8/19/2013,2:19:04,21.316622,-157.811646,95.93,252,212,0,12.5,
8/19/2013,2:26:32,21.316643,-157.811508,190.15,0,309,0,14.48,
8/19/2013,2:35:53,21.316648,-157.811661,49.76,1368,226,0,15.86,
8/19/2013,2:39:11,21.31665,-157.811493,221.06,0,261,0,17.4,
8/19/2013,2:42:28,21.316576,-157.811478,134.49,0,142,0,8.37,
8/19/2013,2:45:46,21.316696,-157.811478,175.68,0,92,0,13.34,
8/19/2013,2:49:04,21.316648,-157.811386,191.07,0,17,0,10.92,
8/19/2013,2:52:20,21.316624,-157.81131,229.71,0,121,0,8.31,
8/19/2013,2:55:38,21.316536,-157.811249,180.09,2880,130,0,11.65,
8/19/2013,2:58:54,21.316479,-157.81131,168.69,0,30,0,8.95,
8/19/2013,3:02:13,21.316488,-157.811707,57.9,0,199,0,41.14,
8/19/2013,3:05:32,21.316616,-157.811554,99.99,0,189,0,21.3,
8/19/2013,3:08:54,21.316519,-157.811615,41.9,0,2,0,12.5,
8/19/2013,3:12:11,21.316605,-157.811523,79.91,216,267,0,13.5,
8/19/2013,3:15:30,21.316751,-157.811737,16.86,0,345,0,27.48,
8/19/2013,3:18:49,21.316832,-157.811844,-3.47,0,128,0,14.28,
8/19/2013,3:22:11,21.317114,-157.812378,-156.06,0,168,0,63.59,
8/19/2013,3:25:27,21.316891,-157.812103,-60.6,0,195,0,37.77,
8/19/2013,3:28:44,21.316971,-157.812195,-66.85,0,56,0,13.04,
8/19/2013,3:32:06,21.316732,-157.811966,-35.33,0,143,0,35.62,
8/19/2013,3:35:25,21.31687,-157.812302,-94.96,0,197,0,38.04,
8/19/2013,3:39:28,21.316013,-157.811066,196.26,0,72,0,159.61,
8/19/2013,3:43:56,21.316288,-157.811203,164.5,0,197,0,33.71,
8/19/2013,3:47:15,21.31694,-157.811752,54.55,180,131,0,92.14,
8/19/2013,3:50:34,21.316719,-157.811646,46.25,0,93,0,26.92,
8/19/2013,3:53:50,21.316786,-157.811813,34.24,0,172,0,18.84,
8/19/2013,3:57:06,21.316416,-157.811356,132.11,12456,140,0,62.72,
8/19/2013,4:00:22,21.316856,-157.811691,61.79,1512,208,0,59.98,
8/19/2013,4:03:24,21.316095,-157.810852,273.17,792,291,0,121.3,
8/19/2013,4:06:29,21.316486,-157.81131,151.1,1296,305,0,64.35,
8/19/2013,4:09:32,21.316608,-157.811417,105.6,0,131,0,17.52,
8/19/2013,4:12:34,21.316809,-157.811676,80,756,196,0,34.92,
8/19/2013,4:15:36,21.316801,-157.811798,44.52,108,259,0,12.67,
8/19/2013,4:18:38,21.31671,-157.811539,90.59,5004,104,0,28.67,
8/19/2013,4:21:40,21.316681,-157.811508,94.81,1584,340,0,4.55,
8/19/2013,4:24:45,21.316559,-157.811356,100.02,0,154,0,20.78,
8/19/2013,4:27:50,21.316647,-157.811646,56.61,0,157,0,31.59,
8/19/2013,4:30:52,21.316664,-157.811508,85.94,2124,107,0,14.42,
8/19/2013,4:34:09,21.316139,-157.811615,39.48,0,238,0,59.42,
8/19/2013,4:37:50,21.316549,-157.811874,121.43,10800,180,0,52.9,
8/19/2013,4:42:01,21.316584,-157.811554,86.76,3996,179,0,33.38,
8/19/2013,4:45:06,21.31666,-157.811615,105.19,0,142,0,10.55,
8/19/2013,4:48:08,21.316708,-157.811478,95.56,1080,218,0,15.16,
8/19/2013,4:51:10,21.316639,-157.811584,113.98,864,17,0,13.4,
8/19/2013,4:54:11,21.316532,-157.811569,91.16,1476,192,0,12,
8/19/2013,4:57:13,21.316748,-157.811493,126.51,2268,176,0,25.28,
8/19/2013,5:00:20,21.316645,-157.811554,88.8,540,95,0,13.08,
8/19/2013,5:03:26,21.316677,-157.811432,106.65,5508,286,0,13.13,
8/19/2013,5:06:32,21.316601,-157.811584,60.45,1296,356,0,17.87,
8/19/2013,5:09:42,21.316643,-157.811859,54.5,5076,311,0,28.87,
8/19/2013,5:12:48,21.316647,-157.8116,85.09,2052,236,0,26.83,
8/19/2013,5:15:55,21.316713,-157.811493,105.83,2808,286,0,13.29,
8/19/2013,5:19:02,21.316607,-157.81131,136.87,2808,77,0,22.32,
8/19/2013,5:22:09,21.316645,-157.811646,67.05,4248,315,0,35.06,
8/19/2013,5:25:17,21.316929,-157.8116,101.37,0,346,0,31.94,
8/19/2013,5:28:23,21.316645,-157.811661,30.59,1296,225,0,32.21,
8/19/2013,5:31:30,21.316635,-157.811554,94.88,2952,147,0,11.14,
8/19/2013,5:34:36,21.316622,-157.811676,-16.17,900,264,0,12.72,
8/19/2013,5:37:43,21.316797,-157.811676,42.86,3528,242,0,19.46,
8/19/2013,5:40:49,21.316677,-157.81163,68.44,3132,97,0,14.17,
8/19/2013,5:44:07,21.317011,-157.81189,106.04,6660,138,0,45.88,
8/19/2013,5:47:17,21.316534,-157.811447,100.88,0,116,0,70.14,
8/19/2013,5:50:29,21.315817,-157.810944,134.81,10872,139,0,95.24,
8/19/2013,5:53:46,21.316507,-157.811737,-15.66,0,44,0,112.4,
8/19/2013,5:57:01,21.316683,-157.811813,9.77,288,166,0,21.09,
8/19/2013,6:04:06,21.315977,-157.811218,26.23,0,312,0,99.81,
8/19/2013,6:17:13,21.315741,-157.811035,34.63,4536,160,0,32.37,
8/19/2013,6:20:53,21.316628,-157.811539,109.73,396,155,0,111.6,
8/19/2013,6:30:08,21.316545,-157.811523,95.55,0,169,0,9.38,
8/19/2013,6:33:15,21.318226,-157.811142,210.97,0,155,0,191.04,
8/19/2013,6:36:17,21.316778,-157.811584,117.92,6660,21,0,167.39,
8/19/2013,6:39:24,21.316326,-157.811203,123.4,3924,328,0,63.9,
8/19/2013,6:42:27,21.3165,-157.811356,68.31,5184,117,0,25.01,
8/19/2013,6:45:45,21.316942,-157.811752,30.39,1044,135,-4,64.02,1